WorkerThreadPool: 9 threads, 6 max low-priority.
Godot Engine v4.7.2.stable.official.ed1daf0bf - https://godotengine.org
TextServer: Added interface "Dummy"
TextServer: Added interface "ICU / HarfBuzz / Graphite (Built-in)"
SDL: Init OK!
Using "default" pen tablet driver...

TextServer: Primary interface set to: "ICU / HarfBuzz / Graphite (Built-in)".
Loading resource: res://audio/default_bus_layout.tres remapped: res://audio/default_bus_layout.tres
Completed load for: 'res://audio/default_bus_layout.tres' remapped 'res://audio/default_bus_layout.tres' at thread -1
CORE API HASH: 2004498165
EDITOR API HASH: 1696660745
SceneTreeFTI: traversal method DEFAULT
Loading resource: /root/.config/godot/editor_settings-4.7.tres remapped: /root/.config/godot/editor_settings-4.7.tres
Completed load for: '/root/.config/godot/editor_settings-4.7.tres' remapped '/root/.config/godot/editor_settings-4.7.tres' at thread -1
EditorSettings: Load OK!
EditorTheme: Generating new theme for the config '3810048042'.
EditorTheme: Generating new icons.
EditorTheme: Generating new fonts.
EditorTheme: Generating new styles.
Loading resource: /root/.cache/godot/editor_doc_cache-4.7.res remapped: /root/.cache/godot/editor_doc_cache-4.7.res
Loaded system CA certificates
Completed load for: '/root/.cache/godot/editor_doc_cache-4.7.res' remapped '/root/.cache/godot/editor_doc_cache-4.7.res' at thread -1
[   0% ] [90m[1mfirst_scan_filesystem[22m | Started Project initialization (5 steps)[39m[0m
[   0% ] [90m[1mfirst_scan_filesystem[22m | Scanning file structure...[39m[0m
[  16% ] [90m[1mfirst_scan_filesystem[22m | Loading global class names...[39m[0m
[  33% ] [90m[1mfirst_scan_filesystem[22m | Verifying GDExtensions...[39m[0m
[  50% ] [90m[1mfirst_scan_filesystem[22m | Creating autoload scripts...[39m[0m
Loading resource: res://autoload/app.gd remapped: res://autoload/app.gd
Completed load for: 'res://autoload/app.gd' remapped 'res://autoload/app.gd' at thread -1
[  66% ] [90m[1mfirst_scan_filesystem[22m | Initializing plugins...[39m[0m
[  83% ] [90m[1mfirst_scan_filesystem[22m | Starting file scan...[39m[0m
[92m[ DONE ][39m [1mfirst_scan_filesystem[22m
[0m
[   0% ] [90m[1mupdate_scripts_classes[22m | Started Registering global classes... (131 steps)[39m[0m
[   0% ] [90m[1mupdate_scripts_classes[22m | [39m[0m
[   0% ] [90m[1mupdate_scripts_classes[22m | [39m[0m
[   1% ] [90m[1mupdate_scripts_classes[22m | [39m[0m
[   2% ] [90m[1mupdate_scripts_classes[22m | [39m[0m
[   3% ] [90m[1mupdate_scripts_classes[22m | [39m[0m
[   3% ] [90m[1mupdate_scripts_classes[22m | [39m[0m
[   4% ] [90m[1mupdate_scripts_classes[22m | [39m[0m
[   5% ] [90m[1mupdate_scripts_classes[22m | [39m[0m
[   6% ] [90m[1mupdate_scripts_classes[22m | [39m[0m
[   6% ] [90m[1mupdate_scripts_classes[22m | [39m[0m
[   7% ] [90m[1mupdate_scripts_classes[22m | [39m[0m
[   8% ] [90m[1mupdate_scripts_classes[22m | MusicCue[39m[0m
[   9% ] [90m[1mupdate_scripts_classes[22m | MusicStage[39m[0m
[   9% ] [90m[1mupdate_scripts_classes[22m | ArchiveBoot[39m[0m
[  10% ] [90m[1mupdate_scripts_classes[22m | [39m[0m
[  11% ] [90m[1mupdate_scripts_classes[22m | [39m[0m
[  12% ] [90m[1mupdate_scripts_classes[22m | [39m[0m
[  12% ] [90m[1mupdate_scripts_classes[22m | InteractionHUD[39m[0m
[  13% ] [90m[1mupdate_scripts_classes[22m | InteractionTarget[39m[0m
[  14% ] [90m[1mupdate_scripts_classes[22m | FirstPersonPlayer[39m[0m
[  15% ] [90m[1mupdate_scripts_classes[22m | StageDefinition[39m[0m
[  15% ] [90m[1mupdate_scripts_classes[22m | WorldScene[39m[0m
[  16% ] [90m[1mupdate_scripts_classes[22m | SaveGame[39m[0m
[  17% ] [90m[1mupdate_scripts_classes[22m | FadeOverlay[39m[0m
[  18% ] [90m[1mupdate_scripts_classes[22m | CheckpointNotice[39m[0m
[  18% ] [90m[1mupdate_scripts_classes[22m | ExitFailureDialog[39m[0m
[  19% ] [90m[1mupdate_scripts_classes[22m | PauseMenu[39m[0m
[  20% ] [90m[1mupdate_scripts_classes[22m | SettingsMenu[39m[0m
[  21% ] [90m[1mupdate_scripts_classes[22m | FragmentData[39m[0m
[  21% ] [90m[1mupdate_scripts_classes[22m | FragmentPresenter[39m[0m
[  22% ] [90m[1mupdate_scripts_classes[22m | LightFocusPuzzle[39m[0m
[  23% ] [90m[1mupdate_scripts_classes[22m | LightRingPuzzle[39m[0m
[  24% ] [90m[1mupdate_scripts_classes[22m | [39m[0m
[  25% ] [90m[1mupdate_scripts_classes[22m | [39m[0m
[  25% ] [90m[1mupdate_scripts_classes[22m | [39m[0m
[  26% ] [90m[1mupdate_scripts_classes[22m | [39m[0m
[  27% ] [90m[1mupdate_scripts_classes[22m | [39m[0m
[  28% ] [90m[1mupdate_scripts_classes[22m | [39m[0m
[  28% ] [90m[1mupdate_scripts_classes[22m | [39m[0m
[  29% ] [90m[1mupdate_scripts_classes[22m | [39m[0m
[  30% ] [90m[1mupdate_scripts_classes[22m | [39m[0m
[  31% ] [90m[1mupdate_scripts_classes[22m | [39m[0m
[  31% ] [90m[1mupdate_scripts_classes[22m | [39m[0m
[  32% ] [90m[1mupdate_scripts_classes[22m | [39m[0m
[  33% ] [90m[1mupdate_scripts_classes[22m | [39m[0m
[  34% ] [90m[1mupdate_scripts_classes[22m | [39m[0m
[  34% ] [90m[1mupdate_scripts_classes[22m | [39m[0m
[  35% ] [90m[1mupdate_scripts_classes[22m | [39m[0m
[  36% ] [90m[1mupdate_scripts_classes[22m | [39m[0m
[  37% ] [90m[1mupdate_scripts_classes[22m | [39m[0m
[  37% ] [90m[1mupdate_scripts_classes[22m | [39m[0m
[  38% ] [90m[1mupdate_scripts_classes[22m | [39m[0m
[  39% ] [90m[1mupdate_scripts_classes[22m | [39m[0m
[  40% ] [90m[1mupdate_scripts_classes[22m | [39m[0m
[  40% ] [90m[1mupdate_scripts_classes[22m | [39m[0m
[  41% ] [90m[1mupdate_scripts_classes[22m | [39m[0m
[  42% ] [90m[1mupdate_scripts_classes[22m | [39m[0m
[  43% ] [90m[1mupdate_scripts_classes[22m | [39m[0m
[  43% ] [90m[1mupdate_scripts_classes[22m | [39m[0m
[  44% ] [90m[1mupdate_scripts_classes[22m | [39m[0m
[  45% ] [90m[1mupdate_scripts_classes[22m | [39m[0m
[  46% ] [90m[1mupdate_scripts_classes[22m | [39m[0m
[  46% ] [90m[1mupdate_scripts_classes[22m | [39m[0m
[  47% ] [90m[1mupdate_scripts_classes[22m | [39m[0m
[  48% ] [90m[1mupdate_scripts_classes[22m | [39m[0m
[  49% ] [90m[1mupdate_scripts_classes[22m | [39m[0m
[  50% ] [90m[1mupdate_scripts_classes[22m | [39m[0m
[  50% ] [90m[1mupdate_scripts_classes[22m | [39m[0m
[  51% ] [90m[1mupdate_scripts_classes[22m | [39m[0m
[  52% ] [90m[1mupdate_scripts_classes[22m | [39m[0m
[  53% ] [90m[1mupdate_scripts_classes[22m | [39m[0m
[  53% ] [90m[1mupdate_scripts_classes[22m | [39m[0m
[  54% ] [90m[1mupdate_scripts_classes[22m | [39m[0m
[  55% ] [90m[1mupdate_scripts_classes[22m | [39m[0m
[  56% ] [90m[1mupdate_scripts_classes[22m | [39m[0m
[  56% ] [90m[1mupdate_scripts_classes[22m | [39m[0m
[  57% ] [90m[1mupdate_scripts_classes[22m | [39m[0m
[  58% ] [90m[1mupdate_scripts_classes[22m | [39m[0m
[  59% ] [90m[1mupdate_scripts_classes[22m | [39m[0m
[  59% ] [90m[1mupdate_scripts_classes[22m | [39m[0m
[  60% ] [90m[1mupdate_scripts_classes[22m | [39m[0m
[  61% ] [90m[1mupdate_scripts_classes[22m | [39m[0m
[  62% ] [90m[1mupdate_scripts_classes[22m | [39m[0m
[  62% ] [90m[1mupdate_scripts_classes[22m | [39m[0m
[  63% ] [90m[1mupdate_scripts_classes[22m | [39m[0m
[  64% ] [90m[1mupdate_scripts_classes[22m | [39m[0m
[  65% ] [90m[1mupdate_scripts_classes[22m | [39m[0m
[  65% ] [90m[1mupdate_scripts_classes[22m | [39m[0m
[  66% ] [90m[1mupdate_scripts_classes[22m | [39m[0m
[  67% ] [90m[1mupdate_scripts_classes[22m | [39m[0m
[  68% ] [90m[1mupdate_scripts_classes[22m | [39m[0m
[  68% ] [90m[1mupdate_scripts_classes[22m | [39m[0m
[  69% ] [90m[1mupdate_scripts_classes[22m | [39m[0m
[  70% ] [90m[1mupdate_scripts_classes[22m | [39m[0m
[  71% ] [90m[1mupdate_scripts_classes[22m | [39m[0m
[  71% ] [90m[1mupdate_scripts_classes[22m | [39m[0m
[  72% ] [90m[1mupdate_scripts_classes[22m | [39m[0m
[  73% ] [90m[1mupdate_scripts_classes[22m | [39m[0m
[  74% ] [90m[1mupdate_scripts_classes[22m | [39m[0m
[  75% ] [90m[1mupdate_scripts_classes[22m | [39m[0m
[  75% ] [90m[1mupdate_scripts_classes[22m | [39m[0m
[  76% ] [90m[1mupdate_scripts_classes[22m | [39m[0m
[  77% ] [90m[1mupdate_scripts_classes[22m | [39m[0m
[  78% ] [90m[1mupdate_scripts_classes[22m | [39m[0m
[  78% ] [90m[1mupdate_scripts_classes[22m | [39m[0m
[  79% ] [90m[1mupdate_scripts_classes[22m | [39m[0m
[  80% ] [90m[1mupdate_scripts_classes[22m | [39m[0m
[  81% ] [90m[1mupdate_scripts_classes[22m | [39m[0m
[  81% ] [90m[1mupdate_scripts_classes[22m | [39m[0m
[  82% ] [90m[1mupdate_scripts_classes[22m | [39m[0m
[  83% ] [90m[1mupdate_scripts_classes[22m | [39m[0m
[  84% ] [90m[1mupdate_scripts_classes[22m | [39m[0m
[  84% ] [90m[1mupdate_scripts_classes[22m | [39m[0m
[  85% ] [90m[1mupdate_scripts_classes[22m | [39m[0m
[  86% ] [90m[1mupdate_scripts_classes[22m | [39m[0m
[  87% ] [90m[1mupdate_scripts_classes[22m | [39m[0m
[  87% ] [90m[1mupdate_scripts_classes[22m | [39m[0m
[  88% ] [90m[1mupdate_scripts_classes[22m | [39m[0m
[  89% ] [90m[1mupdate_scripts_classes[22m | [39m[0m
[  90% ] [90m[1mupdate_scripts_classes[22m | [39m[0m
[  90% ] [90m[1mupdate_scripts_classes[22m | [39m[0m
[  91% ] [90m[1mupdate_scripts_classes[22m | [39m[0m
[  92% ] [90m[1mupdate_scripts_classes[22m | [39m[0m
[  93% ] [90m[1mupdate_scripts_classes[22m | ArchiveGate[39m[0m
[  93% ] [90m[1mupdate_scripts_classes[22m | [39m[0m
[  94% ] [90m[1mupdate_scripts_classes[22m | ArchiveLightChannel[39m[0m
[  95% ] [90m[1mupdate_scripts_classes[22m | ArchiveOnboarding[39m[0m
[  96% ] [90m[1mupdate_scripts_classes[22m | ArchiveMain[39m[0m
[  96% ] [90m[1mupdate_scripts_classes[22m | ArchiveProgress[39m[0m
[  97% ] [90m[1mupdate_scripts_classes[22m | ArchivePrologue[39m[0m
[  98% ] [90m[1mupdate_scripts_classes[22m | ArchiveStageController[39m[0m
[92m[ DONE ][39m [1mupdate_scripts_classes[22m
[0m
[   0% ] [90m[1m_update_scan_actions[22m | Started Scanning actions... (69 steps)[39m[0m
[   0% ] [90m[1m_update_scan_actions[22m | sm_archive_arch_4m.glb[39m[0m
[   1% ] [90m[1m_update_scan_actions[22m | sm_archive_bookcase.glb[39m[0m
[   2% ] [90m[1m_update_scan_actions[22m | sm_archive_floor_1m.glb[39m[0m
[   4% ] [90m[1m_update_scan_actions[22m | sm_archive_pier_4m.glb[39m[0m
[   5% ] [90m[1m_update_scan_actions[22m | sm_archive_rug.glb[39m[0m
[   7% ] [90m[1m_update_scan_actions[22m | sm_archive_wall_2m.glb[39m[0m
[   8% ] [90m[1m_update_scan_actions[22m | sm_archive_wall_3m.glb[39m[0m
[  10% ] [90m[1m_update_scan_actions[22m | sm_archive_wall_4m.glb[39m[0m
[  11% ] [90m[1m_update_scan_actions[22m | sm_archive_wall_lantern.glb[39m[0m
[  12% ] [90m[1m_update_scan_actions[22m | sm_archive_wing_gate.glb[39m[0m
[  14% ] [90m[1m_update_scan_actions[22m | sm_s00_approach_guard_long.glb[39m[0m
[  15% ] [90m[1m_update_scan_actions[22m | sm_s00_approach_guard_rear.glb[39m[0m
[  17% ] [90m[1m_update_scan_actions[22m | sm_s00_approach_path.glb[39m[0m
[  18% ] [90m[1m_update_scan_actions[22m | sm_s00_entrance_leaf.glb[39m[0m
[  20% ] [90m[1m_update_scan_actions[22m | sm_s00_entry_arch.glb[39m[0m
[  21% ] [90m[1m_update_scan_actions[22m | sm_s00_entry_facade.glb[39m[0m
[  22% ] [90m[1m_update_scan_actions[22m | sm_s00_lock_bolt.glb[39m[0m
[  24% ] [90m[1m_update_scan_actions[22m | sm_s00_lock_housing.glb[39m[0m
[  25% ] [90m[1m_update_scan_actions[22m | sm_s00_lock_keeper.glb[39m[0m
[  27% ] [90m[1m_update_scan_actions[22m | sm_s01_core_pedestal.glb[39m[0m
[  28% ] [90m[1m_update_scan_actions[22m | sm_s01_hub_dome_drum.glb[39m[0m
[  30% ] [90m[1m_update_scan_actions[22m | sm_s01_hub_dome_frame.glb[39m[0m
[  31% ] [90m[1m_update_scan_actions[22m | sm_s01_hub_dome_glass.glb[39m[0m
[  32% ] [90m[1m_update_scan_actions[22m | sm_s01_hub_dome_sky.glb[39m[0m
[  34% ] [90m[1m_update_scan_actions[22m | sm_s01_hub_floor.glb[39m[0m
[  35% ] [90m[1m_update_scan_actions[22m | sm_s01_hub_wall.glb[39m[0m
[  37% ] [90m[1m_update_scan_actions[22m | sm_s01_lens_socket.glb[39m[0m
[  38% ] [90m[1m_update_scan_actions[22m | sm_s01_lever_base.glb[39m[0m
[  40% ] [90m[1m_update_scan_actions[22m | sm_s01_lever_handle.glb[39m[0m
[  41% ] [90m[1m_update_scan_actions[22m | sm_s01_panel_base.glb[39m[0m
[  42% ] [90m[1m_update_scan_actions[22m | sm_s01_panel_cover.glb[39m[0m
[  44% ] [90m[1m_update_scan_actions[22m | sm_s01_starting_lens.glb[39m[0m
[  45% ] [90m[1m_update_scan_actions[22m | sm_wing01_ceiling_rib_10m.glb[39m[0m
[  47% ] [90m[1m_update_scan_actions[22m | sm_wing01_ceiling_rib_12m.glb[39m[0m
[  48% ] [90m[1m_update_scan_actions[22m | sm_wing01_ceiling_transition.glb[39m[0m
[  50% ] [90m[1m_update_scan_actions[22m | sm_wing01_dome_frame.glb[39m[0m
[  51% ] [90m[1m_update_scan_actions[22m | sm_wing01_dome_glass.glb[39m[0m
[  52% ] [90m[1m_update_scan_actions[22m | sm_wing01_dome_sky.glb[39m[0m
[  54% ] [90m[1m_update_scan_actions[22m | sm_pipeline_meter_cube.glb[39m[0m
[  55% ] [90m[1m_update_scan_actions[22m | sm_wing01_emitter.glb[39m[0m
[  57% ] [90m[1m_update_scan_actions[22m | sm_wing01_focus.glb[39m[0m
[  58% ] [90m[1m_update_scan_actions[22m | sm_wing01_frame.glb[39m[0m
[  60% ] [90m[1m_update_scan_actions[22m | sm_wing01_hearth.glb[39m[0m
[  61% ] [90m[1m_update_scan_actions[22m | sm_wing01_ring_inner.glb[39m[0m
[  62% ] [90m[1m_update_scan_actions[22m | sm_wing01_ring_middle.glb[39m[0m
[  64% ] [90m[1m_update_scan_actions[22m | sm_wing01_ring_outer.glb[39m[0m
[  65% ] [90m[1m_update_scan_actions[22m | hearth.svg[39m[0m
[  67% ] [90m[1m_update_scan_actions[22m | star.svg[39m[0m
[  68% ] [90m[1m_update_scan_actions[22m | t_aged_brass_albedo.png[39m[0m
[  70% ] [90m[1m_update_scan_actions[22m | t_aged_brass_normal.png[39m[0m
[  71% ] [90m[1m_update_scan_actions[22m | t_aged_brass_orm.png[39m[0m
[  72% ] [90m[1m_update_scan_actions[22m | t_aged_leather_albedo.png[39m[0m
[  74% ] [90m[1m_update_scan_actions[22m | t_aged_leather_normal.png[39m[0m
[  75% ] [90m[1m_update_scan_actions[22m | t_aged_leather_orm.png[39m[0m
[  77% ] [90m[1m_update_scan_actions[22m | t_dark_iron_albedo.png[39m[0m
[  78% ] [90m[1m_update_scan_actions[22m | t_dark_iron_normal.png[39m[0m
[  80% ] [90m[1m_update_scan_actions[22m | t_dark_iron_orm.png[39m[0m
[  81% ] [90m[1m_update_scan_actions[22m | t_dark_walnut_albedo.png[39m[0m
[  82% ] [90m[1m_update_scan_actions[22m | t_dark_walnut_normal.png[39m[0m
[  84% ] [90m[1m_update_scan_actions[22m | t_dark_walnut_orm.png[39m[0m
[  85% ] [90m[1m_update_scan_actions[22m | t_memory_glass_normal.png[39m[0m
[  87% ] [90m[1m_update_scan_actions[22m | t_memory_glass_roughness.png[39m[0m
[  88% ] [90m[1m_update_scan_actions[22m | t_observatory_stone_albedo.png[39m[0m
[  90% ] [90m[1m_update_scan_actions[22m | t_observatory_stone_normal.png[39m[0m
[  91% ] [90m[1m_update_scan_actions[22m | t_observatory_stone_orm.png[39m[0m
[  92% ] [90m[1m_update_scan_actions[22m | t_woven_textile_albedo.png[39m[0m
[  94% ] [90m[1m_update_scan_actions[22m | t_woven_textile_normal.png[39m[0m
[  95% ] [90m[1m_update_scan_actions[22m | t_woven_textile_orm.png[39m[0m
[  97% ] [90m[1m_update_scan_actions[22m | last_spark.svg[39m[0m
[92m[ DONE ][39m [1m_update_scan_actions[22m
[0m
[   0% ] [90m[1mreimport[22m | Started (Re)Importing Assets (69 steps)[39m[0m
[   0% ] [90m[1mreimport[22m | Preparing files to reimport...[39m[0m
[   1% ] [90m[1mreimport[22m | Preparing files to reimport...[39m[0m
[   2% ] [90m[1mreimport[22m | Preparing files to reimport...[39m[0m
[   4% ] [90m[1mreimport[22m | Preparing files to reimport...[39m[0m
[   5% ] [90m[1mreimport[22m | Preparing files to reimport...[39m[0m
[   7% ] [90m[1mreimport[22m | Preparing files to reimport...[39m[0m
[   8% ] [90m[1mreimport[22m | Preparing files to reimport...[39m[0m
[  10% ] [90m[1mreimport[22m | Preparing files to reimport...[39m[0m
[  11% ] [90m[1mreimport[22m | Preparing files to reimport...[39m[0m
[  12% ] [90m[1mreimport[22m | Preparing files to reimport...[39m[0m
[  14% ] [90m[1mreimport[22m | Preparing files to reimport...[39m[0m
[  15% ] [90m[1mreimport[22m | Preparing files to reimport...[39m[0m
[  17% ] [90m[1mreimport[22m | Preparing files to reimport...[39m[0m
[  18% ] [90m[1mreimport[22m | Preparing files to reimport...[39m[0m
[  20% ] [90m[1mreimport[22m | Preparing files to reimport...[39m[0m
[  21% ] [90m[1mreimport[22m | Preparing files to reimport...[39m[0m
[  22% ] [90m[1mreimport[22m | Preparing files to reimport...[39m[0m
[  24% ] [90m[1mreimport[22m | Preparing files to reimport...[39m[0m
[  25% ] [90m[1mreimport[22m | Preparing files to reimport...[39m[0m
[  27% ] [90m[1mreimport[22m | Preparing files to reimport...[39m[0m
[  28% ] [90m[1mreimport[22m | Preparing files to reimport...[39m[0m
[  30% ] [90m[1mreimport[22m | Preparing files to reimport...[39m[0m
[  31% ] [90m[1mreimport[22m | Preparing files to reimport...[39m[0m
[  32% ] [90m[1mreimport[22m | Preparing files to reimport...[39m[0m
[  34% ] [90m[1mreimport[22m | Preparing files to reimport...[39m[0m
[  35% ] [90m[1mreimport[22m | Preparing files to reimport...[39m[0m
[  37% ] [90m[1mreimport[22m | Preparing files to reimport...[39m[0m
[  38% ] [90m[1mreimport[22m | Preparing files to reimport...[39m[0m
[  40% ] [90m[1mreimport[22m | Preparing files to reimport...[39m[0m
[  41% ] [90m[1mreimport[22m | Preparing files to reimport...[39m[0m
[  42% ] [90m[1mreimport[22m | Preparing files to reimport...[39m[0m
[  44% ] [90m[1mreimport[22m | Preparing files to reimport...[39m[0m
[  45% ] [90m[1mreimport[22m | Preparing files to reimport...[39m[0m
[  47% ] [90m[1mreimport[22m | Preparing files to reimport...[39m[0m
[  48% ] [90m[1mreimport[22m | Preparing files to reimport...[39m[0m
[  50% ] [90m[1mreimport[22m | Preparing files to reimport...[39m[0m
[  51% ] [90m[1mreimport[22m | Preparing files to reimport...[39m[0m
[  52% ] [90m[1mreimport[22m | Preparing files to reimport...[39m[0m
[  54% ] [90m[1mreimport[22m | Preparing files to reimport...[39m[0m
[  55% ] [90m[1mreimport[22m | Preparing files to reimport...[39m[0m
[  57% ] [90m[1mreimport[22m | Preparing files to reimport...[39m[0m
[  58% ] [90m[1mreimport[22m | Preparing files to reimport...[39m[0m
[  60% ] [90m[1mreimport[22m | Preparing files to reimport...[39m[0m
[  61% ] [90m[1mreimport[22m | Preparing files to reimport...[39m[0m
[  62% ] [90m[1mreimport[22m | Preparing files to reimport...[39m[0m
[  64% ] [90m[1mreimport[22m | Preparing files to reimport...[39m[0m
[  65% ] [90m[1mreimport[22m | Preparing files to reimport...[39m[0m
[  67% ] [90m[1mreimport[22m | Preparing files to reimport...[39m[0m
[  68% ] [90m[1mreimport[22m | Preparing files to reimport...[39m[0m
[  70% ] [90m[1mreimport[22m | Preparing files to reimport...[39m[0m
[  71% ] [90m[1mreimport[22m | Preparing files to reimport...[39m[0m
[  72% ] [90m[1mreimport[22m | Preparing files to reimport...[39m[0m
[  74% ] [90m[1mreimport[22m | Preparing files to reimport...[39m[0m
[  75% ] [90m[1mreimport[22m | Preparing files to reimport...[39m[0m
[  77% ] [90m[1mreimport[22m | Preparing files to reimport...[39m[0m
[  78% ] [90m[1mreimport[22m | Preparing files to reimport...[39m[0m
[  80% ] [90m[1mreimport[22m | Preparing files to reimport...[39m[0m
[  81% ] [90m[1mreimport[22m | Preparing files to reimport...[39m[0m
[  82% ] [90m[1mreimport[22m | Preparing files to reimport...[39m[0m
[  84% ] [90m[1mreimport[22m | Preparing files to reimport...[39m[0m
[  85% ] [90m[1mreimport[22m | Preparing files to reimport...[39m[0m
[  87% ] [90m[1mreimport[22m | Preparing files to reimport...[39m[0m
[  88% ] [90m[1mreimport[22m | Preparing files to reimport...[39m[0m
[  90% ] [90m[1mreimport[22m | Preparing files to reimport...[39m[0m
[  91% ] [90m[1mreimport[22m | Preparing files to reimport...[39m[0m
[  92% ] [90m[1mreimport[22m | Preparing files to reimport...[39m[0m
[  94% ] [90m[1mreimport[22m | Preparing files to reimport...[39m[0m
[  95% ] [90m[1mreimport[22m | Preparing files to reimport...[39m[0m
[  97% ] [90m[1mreimport[22m | Preparing files to reimport...[39m[0m
[   0% ] [90m[1mreimport[22m | Executing pre-reimport operations...[39m[0m
[   0% ] [90m[1mpreload_reimporting_scene[22m | Started Preparing scenes for reload (1 steps)[39m[0m
[   0% ] [90m[1mpreload_reimporting_scene[22m | Analyzing scene [empty][39m[0m
[  50% ] [90m[1mpreload_reimporting_scene[22m | Preparation done.[39m[0m
[92m[ DONE ][39m [1mpreload_reimporting_scene[22m
[0m
[   0% ] [90m[1mreimport[22m | hearth.svg[39m[0m
EditorFileSystem: Importing file: res://art/sigils/star.svg
EditorFileSystem: Importing file: res://art/textures/material_library/t_aged_brass_albedo.png
EditorFileSystem: Importing file: res://art/textures/material_library/t_aged_brass_orm.png
EditorFileSystem: Importing file: res://art/sigils/hearth.svg
EditorFileSystem: Importing file: res://art/textures/material_library/t_aged_brass_normal.png
EditorFileSystem: Importing file: res://art/textures/material_library/t_aged_leather_albedo.png
EditorFileSystem: "res://art/sigils/star.svg" import took 13 ms.
EditorFileSystem: Importing file: res://art/textures/material_library/t_aged_leather_normal.png
[   1% ] [90m[1mreimport[22m | star.svg[39m[0m
EditorFileSystem: "res://art/sigils/hearth.svg" import took 27 ms.
EditorFileSystem: Importing file: res://art/textures/material_library/t_aged_leather_orm.png
[   2% ] [90m[1mreimport[22m | t_aged_brass_albedo.png[39m[0m
etcpak: Encoding took 14 ms.
EditorFileSystem: "res://art/textures/material_library/t_aged_brass_normal.png" import took 68 ms.
EditorFileSystem: Importing file: res://art/textures/material_library/t_dark_iron_albedo.png
[   4% ] [90m[1mreimport[22m | t_aged_brass_normal.png[39m[0m
[   4% ] [90m[1mreimport[22m | t_aged_brass_normal.png[39m[0m
etcpak: Encoding took 10 ms.
CVTT: Encoding took 1340 ms.
EditorFileSystem: "res://art/textures/material_library/t_aged_leather_normal.png" import took 1373 ms.
EditorFileSystem: Importing file: res://art/textures/material_library/t_dark_iron_normal.png
[   5% ] [90m[1mreimport[22m | t_aged_brass_orm.png[39m[0m
EditorFileSystem: "res://art/textures/material_library/t_aged_brass_albedo.png" import took 1388 ms.
EditorFileSystem: Importing file: res://art/textures/material_library/t_dark_iron_orm.png
[   7% ] [90m[1mreimport[22m | t_aged_leather_albedo.png[39m[0m
etcpak: Encoding took 21 ms.
etcpak: Encoding took 24 ms.
EditorFileSystem: "res://art/textures/material_library/t_aged_leather_albedo.png" import took 1394 ms.
EditorFileSystem: Importing file: res://art/vfx/last_spark.svg
[   8% ] [90m[1mreimport[22m | t_aged_leather_normal.png[39m[0m
EditorFileSystem: "res://art/textures/material_library/t_aged_leather_orm.png" import took 1370 ms.
EditorFileSystem: Importing file: res://art/textures/material_library/t_woven_textile_orm.png
[  10% ] [90m[1mreimport[22m | t_aged_leather_orm.png[39m[0m
EditorFileSystem: "res://art/vfx/last_spark.svg" import took 18 ms.
EditorFileSystem: Importing file: res://art/textures/material_library/t_woven_textile_normal.png
[  11% ] [90m[1mreimport[22m | t_dark_iron_albedo.png[39m[0m
[  11% ] [90m[1mreimport[22m | t_dark_iron_albedo.png[39m[0m
etcpak: Encoding took 12 ms.
EditorFileSystem: "res://art/textures/material_library/t_woven_textile_orm.png" import took 1337 ms.
EditorFileSystem: Importing file: res://art/textures/material_library/t_woven_textile_albedo.png
[  12% ] [90m[1mreimport[22m | t_dark_iron_normal.png[39m[0m
etcpak: Encoding took 18 ms.
etcpak: Encoding took 20 ms.
CVTT: Encoding took 2693 ms.
EditorFileSystem: "res://art/textures/material_library/t_woven_textile_normal.png" import took 1328 ms.
EditorFileSystem: Importing file: res://art/textures/material_library/t_observatory_stone_orm.png
[  14% ] [90m[1mreimport[22m | t_dark_iron_orm.png[39m[0m
EditorFileSystem: "res://art/textures/material_library/t_dark_iron_normal.png" import took 1359 ms.
EditorFileSystem: Importing file: res://art/textures/material_library/t_observatory_stone_normal.png
[  15% ] [90m[1mreimport[22m | last_spark.svg[39m[0m
EditorFileSystem: "res://art/textures/material_library/t_aged_brass_orm.png" import took 2749 ms.
EditorFileSystem: Importing file: res://art/textures/material_library/t_observatory_stone_albedo.png
[  17% ] [90m[1mreimport[22m | t_woven_textile_orm.png[39m[0m
[  17% ] [90m[1mreimport[22m | t_woven_textile_orm.png[39m[0m
CVTT: Encoding took 4254 ms.
etcpak: Encoding took 19 ms.
etcpak: Encoding took 21 ms.
EditorFileSystem: "res://art/textures/material_library/t_woven_textile_albedo.png" import took 1653 ms.
EditorFileSystem: Importing file: res://art/textures/material_library/t_memory_glass_roughness.png
[  18% ] [90m[1mreimport[22m | t_woven_textile_normal.png[39m[0m
EditorFileSystem: "res://art/textures/material_library/t_observatory_stone_orm.png" import took 1647 ms.
EditorFileSystem: Importing file: res://art/textures/material_library/t_memory_glass_normal.png
[  20% ] [90m[1mreimport[22m | t_woven_textile_albedo.png[39m[0m
EditorFileSystem: "res://art/textures/material_library/t_dark_iron_albedo.png" import took 4323 ms.
EditorFileSystem: Importing file: res://art/textures/material_library/t_dark_walnut_orm.png
[  21% ] [90m[1mreimport[22m | t_observatory_stone_orm.png[39m[0m
etcpak: Encoding took 38 ms.
etcpak: Encoding took 41 ms.
EditorFileSystem: "res://art/textures/material_library/t_observatory_stone_albedo.png" import took 1660 ms.
EditorFileSystem: Importing file: res://art/textures/material_library/t_dark_walnut_normal.png
[  22% ] [90m[1mreimport[22m | t_observatory_stone_normal.png[39m[0m
EditorFileSystem: "res://art/textures/material_library/t_observatory_stone_normal.png" import took 1672 ms.
EditorFileSystem: Importing file: res://art/textures/material_library/t_dark_walnut_albedo.png
[  24% ] [90m[1mreimport[22m | t_observatory_stone_albedo.png[39m[0m
[  24% ] [90m[1mreimport[22m | t_observatory_stone_albedo.png[39m[0m
CVTT: Encoding took 4238 ms.
EditorFileSystem: "res://art/textures/material_library/t_dark_iron_orm.png" import took 4273 ms.
[  25% ] [90m[1mreimport[22m | t_memory_glass_roughness.png[39m[0m
etcpak: Encoding took 11 ms.
etcpak: Encoding took 12 ms.
etcpak: Encoding took 12 ms.
etcpak: Encoding took 13 ms.
EditorFileSystem: "res://art/textures/material_library/t_dark_walnut_orm.png" import took 1273 ms.
[  27% ] [90m[1mreimport[22m | t_memory_glass_normal.png[39m[0m
EditorFileSystem: "res://art/textures/material_library/t_memory_glass_normal.png" import took 1279 ms.
[  28% ] [90m[1mreimport[22m | t_dark_walnut_orm.png[39m[0m
etcpak: Encoding took 16 ms.
EditorFileSystem: "res://art/textures/material_library/t_memory_glass_roughness.png" import took 1282 ms.
[  30% ] [90m[1mreimport[22m | t_dark_walnut_normal.png[39m[0m
EditorFileSystem: "res://art/textures/material_library/t_dark_walnut_normal.png" import took 1261 ms.
[  31% ] [90m[1mreimport[22m | t_dark_walnut_albedo.png[39m[0m
EditorFileSystem: "res://art/textures/material_library/t_dark_walnut_albedo.png" import took 1256 ms.
[  32% ] [90m[1mreimport[22m | sm_wing01_dome_frame.glb[39m[0m
EditorFileSystem: Importing file: res://art/meshes/archive_kit/sm_wing01_dome_frame.glb
[   0% ] [90m[1mimport[22m | Started Import Scene (104 steps)[39m[0m
[   0% ] [90m[1mimport[22m | Importing Scene...[39m[0m
glTF: Total buffers: 1
glTF: Total buffer views: 10
glTF: Total accessors: 10
Total materials: 2
glTF: Parsing mesh: 0
WARNING: glTF import: Buffer view byte stride should be declared for vertex attributes. Assuming packed data and reading anyway.
WARNING: glTF import: Buffer view byte stride should be declared for vertex attributes. Assuming packed data and reading anyway.
WARNING: glTF import: Buffer view byte stride should be declared for vertex attributes. Assuming packed data and reading anyway.
WARNING: glTF import: Buffer view byte stride should be declared for vertex attributes. Assuming packed data and reading anyway.
WARNING: glTF import: Buffer view byte stride should be declared for vertex attributes. Assuming packed data and reading anyway.
WARNING: glTF import: Buffer view byte stride should be declared for vertex attributes. Assuming packed data and reading anyway.
WARNING: glTF import: Buffer view byte stride should be declared for vertex attributes. Assuming packed data and reading anyway.
WARNING: glTF import: Buffer view byte stride should be declared for vertex attributes. Assuming packed data and reading anyway.
WARNING: glTF import: Buffer view byte stride should be declared for vertex attributes. Assuming packed data and reading anyway.
WARNING: glTF import: Buffer view byte stride should be declared for vertex attributes. Assuming packed data and reading anyway.
glTF: Total meshes: 1
glTF: Creating mesh for: sm_wing01_dome_frame
Loading resource: res://art/materials/m_dark_iron.tres remapped: res://art/materials/m_dark_iron.tres
Loading resource: res://art/textures/material_library/t_dark_iron_albedo.png remapped: res://art/textures/material_library/t_dark_iron_albedo.png
Loading resource: res://.godot/imported/t_dark_iron_albedo.png-66c578930998aa52cde4476e849cd53e.bptc.ctex remapped: res://.godot/imported/t_dark_iron_albedo.png-66c578930998aa52cde4476e849cd53e.bptc.ctex
Completed load for: 'res://art/textures/material_library/t_dark_iron_albedo.png' remapped 'res://art/textures/material_library/t_dark_iron_albedo.png' at thread -1
Loading resource: res://art/textures/material_library/t_dark_iron_normal.png remapped: res://art/textures/material_library/t_dark_iron_normal.png
Loading resource: res://.godot/imported/t_dark_iron_normal.png-b114b4c4e436e88cf9c30b356a3fdc97.s3tc.ctex remapped: res://.godot/imported/t_dark_iron_normal.png-b114b4c4e436e88cf9c30b356a3fdc97.s3tc.ctex
Completed load for: 'res://art/textures/material_library/t_dark_iron_normal.png' remapped 'res://art/textures/material_library/t_dark_iron_normal.png' at thread -1
Loading resource: res://art/textures/material_library/t_dark_iron_orm.png remapped: res://art/textures/material_library/t_dark_iron_orm.png
Loading resource: res://.godot/imported/t_dark_iron_orm.png-26d916cff2f6d9ab53816438c312c0a3.bptc.ctex remapped: res://.godot/imported/t_dark_iron_orm.png-26d916cff2f6d9ab53816438c312c0a3.bptc.ctex
Completed load for: 'res://art/textures/material_library/t_dark_iron_orm.png' remapped 'res://art/textures/material_library/t_dark_iron_orm.png' at thread -1
Completed load for: 'res://art/materials/m_dark_iron.tres' remapped 'res://art/materials/m_dark_iron.tres' at thread -1
Loading resource: res://art/materials/m_aged_brass.tres remapped: res://art/materials/m_aged_brass.tres
Loading resource: res://art/textures/material_library/t_aged_brass_albedo.png remapped: res://art/textures/material_library/t_aged_brass_albedo.png
Loading resource: res://.godot/imported/t_aged_brass_albedo.png-abc56163ac1f88b0fdc87aa9855967f6.bptc.ctex remapped: res://.godot/imported/t_aged_brass_albedo.png-abc56163ac1f88b0fdc87aa9855967f6.bptc.ctex
Completed load for: 'res://art/textures/material_library/t_aged_brass_albedo.png' remapped 'res://art/textures/material_library/t_aged_brass_albedo.png' at thread -1
Loading resource: res://art/textures/material_library/t_aged_brass_normal.png remapped: res://art/textures/material_library/t_aged_brass_normal.png
Loading resource: res://.godot/imported/t_aged_brass_normal.png-8e39d8996b346af431d3dca26c806cc9.s3tc.ctex remapped: res://.godot/imported/t_aged_brass_normal.png-8e39d8996b346af431d3dca26c806cc9.s3tc.ctex
Completed load for: 'res://art/textures/material_library/t_aged_brass_normal.png' remapped 'res://art/textures/material_library/t_aged_brass_normal.png' at thread -1
Loading resource: res://art/textures/material_library/t_aged_brass_orm.png remapped: res://art/textures/material_library/t_aged_brass_orm.png
Loading resource: res://.godot/imported/t_aged_brass_orm.png-3d326ed2e26256e8095984503e4be2d1.bptc.ctex remapped: res://.godot/imported/t_aged_brass_orm.png-3d326ed2e26256e8095984503e4be2d1.bptc.ctex
Completed load for: 'res://art/textures/material_library/t_aged_brass_orm.png' remapped 'res://art/textures/material_library/t_aged_brass_orm.png' at thread -1
Completed load for: 'res://art/materials/m_aged_brass.tres' remapped 'res://art/materials/m_aged_brass.tres' at thread -1
[   1% ] [90m[1mimport[22m | Running Custom Script...[39m[0m
[  99% ] [90m[1mimport[22m | Saving...[39m[0m
Saving scene to: res://.godot/imported/sm_wing01_dome_frame.glb-85793bdacb2e99b1f0d31ecaa2b5e43d.scn
[92m[ DONE ][39m [1mimport[22m
[0m
EditorFileSystem: "res://art/meshes/archive_kit/sm_wing01_dome_frame.glb" import took 48 ms.
[  34% ] [90m[1mreimport[22m | sm_wing01_dome_glass.glb[39m[0m
EditorFileSystem: Importing file: res://art/meshes/archive_kit/sm_wing01_dome_glass.glb
[   0% ] [90m[1mimport[22m | Started Import Scene (104 steps)[39m[0m
[   0% ] [90m[1mimport[22m | Importing Scene...[39m[0m
glTF: Total buffers: 1
glTF: Total buffer views: 5
glTF: Total accessors: 5
Total materials: 1
glTF: Parsing mesh: 0
WARNING: glTF import: Buffer view byte stride should be declared for vertex attributes. Assuming packed data and reading anyway.
WARNING: glTF import: Buffer view byte stride should be declared for vertex attributes. Assuming packed data and reading anyway.
WARNING: glTF import: Buffer view byte stride should be declared for vertex attributes. Assuming packed data and reading anyway.
WARNING: glTF import: Buffer view byte stride should be declared for vertex attributes. Assuming packed data and reading anyway.
WARNING: glTF import: Buffer view byte stride should be declared for vertex attributes. Assuming packed data and reading anyway.
glTF: Total meshes: 1
glTF: Creating mesh for: sm_wing01_dome_glass
Loading resource: res://art/materials/m_clear_glass.tres remapped: res://art/materials/m_clear_glass.tres
Completed load for: 'res://art/materials/m_clear_glass.tres' remapped 'res://art/materials/m_clear_glass.tres' at thread -1
[   1% ] [90m[1mimport[22m | Running Custom Script...[39m[0m
[  99% ] [90m[1mimport[22m | Saving...[39m[0m
Saving scene to: res://.godot/imported/sm_wing01_dome_glass.glb-59ab608cd5b94a72e9b13391f0189d21.scn
[92m[ DONE ][39m [1mimport[22m
[0m
EditorFileSystem: "res://art/meshes/archive_kit/sm_wing01_dome_glass.glb" import took 19 ms.
[  35% ] [90m[1mreimport[22m | sm_wing01_dome_sky.glb[39m[0m
EditorFileSystem: Importing file: res://art/meshes/archive_kit/sm_wing01_dome_sky.glb
[   0% ] [90m[1mimport[22m | Started Import Scene (104 steps)[39m[0m
[   0% ] [90m[1mimport[22m | Importing Scene...[39m[0m
glTF: Total buffers: 1
glTF: Total buffer views: 5
glTF: Total accessors: 5
Total materials: 1
glTF: Parsing mesh: 0
WARNING: glTF import: Buffer view byte stride should be declared for vertex attributes. Assuming packed data and reading anyway.
WARNING: glTF import: Buffer view byte stride should be declared for vertex attributes. Assuming packed data and reading anyway.
WARNING: glTF import: Buffer view byte stride should be declared for vertex attributes. Assuming packed data and reading anyway.
WARNING: glTF import: Buffer view byte stride should be declared for vertex attributes. Assuming packed data and reading anyway.
WARNING: glTF import: Buffer view byte stride should be declared for vertex attributes. Assuming packed data and reading anyway.
glTF: Total meshes: 1
glTF: Creating mesh for: sm_wing01_dome_sky
Loading resource: res://art/materials/m_archive_night_sky.tres remapped: res://art/materials/m_archive_night_sky.tres
Loading resource: res://art/shaders/archive_night_sky.gdshader remapped: res://art/shaders/archive_night_sky.gdshader
Completed load for: 'res://art/shaders/archive_night_sky.gdshader' remapped 'res://art/shaders/archive_night_sky.gdshader' at thread -1
Completed load for: 'res://art/materials/m_archive_night_sky.tres' remapped 'res://art/materials/m_archive_night_sky.tres' at thread -1
[   1% ] [90m[1mimport[22m | Running Custom Script...[39m[0m
[  99% ] [90m[1mimport[22m | Saving...[39m[0m
Saving scene to: res://.godot/imported/sm_wing01_dome_sky.glb-35a5ef8ba9f3e976a2e935413f99f1fd.scn
[92m[ DONE ][39m [1mimport[22m
[0m
EditorFileSystem: "res://art/meshes/archive_kit/sm_wing01_dome_sky.glb" import took 19 ms.
[  37% ] [90m[1mreimport[22m | sm_pipeline_meter_cube.glb[39m[0m
EditorFileSystem: Importing file: res://art/meshes/validation/sm_pipeline_meter_cube.glb
[   0% ] [90m[1mimport[22m | Started Import Scene (104 steps)[39m[0m
[   0% ] [90m[1mimport[22m | Importing Scene...[39m[0m
glTF: Total buffers: 1
glTF: Total buffer views: 4
glTF: Total accessors: 4
Total materials: 1
glTF: Parsing mesh: 0
WARNING: glTF import: Buffer view byte stride should be declared for vertex attributes. Assuming packed data and reading anyway.
WARNING: glTF import: Buffer view byte stride should be declared for vertex attributes. Assuming packed data and reading anyway.
WARNING: glTF import: Buffer view byte stride should be declared for vertex attributes. Assuming packed data and reading anyway.
WARNING: glTF import: Buffer view byte stride should be declared for vertex attributes. Assuming packed data and reading anyway.
glTF: Total meshes: 1
glTF: Creating mesh for: sm_pipeline_meter_cube
LOD Generation: Triangles 12, vertices 24 (merged 24)
  LOD stop: got 12 triangles when asking for 6
[   1% ] [90m[1mimport[22m | Running Custom Script...[39m[0m
[  99% ] [90m[1mimport[22m | Saving...[39m[0m
Saving scene to: res://.godot/imported/sm_pipeline_meter_cube.glb-ee562bdea404b066dc87abc5faa01f3c.scn
[92m[ DONE ][39m [1mimport[22m
[0m
EditorFileSystem: "res://art/meshes/validation/sm_pipeline_meter_cube.glb" import took 5 ms.
[  38% ] [90m[1mreimport[22m | sm_wing01_emitter.glb[39m[0m
EditorFileSystem: Importing file: res://art/meshes/wing01/sm_wing01_emitter.glb
[   0% ] [90m[1mimport[22m | Started Import Scene (104 steps)[39m[0m
[   0% ] [90m[1mimport[22m | Importing Scene...[39m[0m
glTF: Total buffers: 1
glTF: Total buffer views: 15
glTF: Total accessors: 15
Total materials: 3
glTF: Parsing mesh: 0
WARNING: glTF import: Buffer view byte stride should be declared for vertex attributes. Assuming packed data and reading anyway.
WARNING: glTF import: Buffer view byte stride should be declared for vertex attributes. Assuming packed data and reading anyway.
WARNING: glTF import: Buffer view byte stride should be declared for vertex attributes. Assuming packed data and reading anyway.
WARNING: glTF import: Buffer view byte stride should be declared for vertex attributes. Assuming packed data and reading anyway.
WARNING: glTF import: Buffer view byte stride should be declared for vertex attributes. Assuming packed data and reading anyway.
WARNING: glTF import: Buffer view byte stride should be declared for vertex attributes. Assuming packed data and reading anyway.
WARNING: glTF import: Buffer view byte stride should be declared for vertex attributes. Assuming packed data and reading anyway.
WARNING: glTF import: Buffer view byte stride should be declared for vertex attributes. Assuming packed data and reading anyway.
WARNING: glTF import: Buffer view byte stride should be declared for vertex attributes. Assuming packed data and reading anyway.
WARNING: glTF import: Buffer view byte stride should be declared for vertex attributes. Assuming packed data and reading anyway.
WARNING: glTF import: Buffer view byte stride should be declared for vertex attributes. Assuming packed data and reading anyway.
WARNING: glTF import: Buffer view byte stride should be declared for vertex attributes. Assuming packed data and reading anyway.
WARNING: glTF import: Buffer view byte stride should be declared for vertex attributes. Assuming packed data and reading anyway.
WARNING: glTF import: Buffer view byte stride should be declared for vertex attributes. Assuming packed data and reading anyway.
WARNING: glTF import: Buffer view byte stride should be declared for vertex attributes. Assuming packed data and reading anyway.
glTF: Total meshes: 1
glTF: Creating mesh for: sm_wing01_emitter
Loading resource: res://art/materials/m_aged_brass.tres remapped: res://art/materials/m_aged_brass.tres
Loading resource: res://art/textures/material_library/t_aged_brass_albedo.png remapped: res://art/textures/material_library/t_aged_brass_albedo.png
Loading resource: res://.godot/imported/t_aged_brass_albedo.png-abc56163ac1f88b0fdc87aa9855967f6.bptc.ctex remapped: res://.godot/imported/t_aged_brass_albedo.png-abc56163ac1f88b0fdc87aa9855967f6.bptc.ctex
Completed load for: 'res://art/textures/material_library/t_aged_brass_albedo.png' remapped 'res://art/textures/material_library/t_aged_brass_albedo.png' at thread -1
Loading resource: res://art/textures/material_library/t_aged_brass_normal.png remapped: res://art/textures/material_library/t_aged_brass_normal.png
Loading resource: res://.godot/imported/t_aged_brass_normal.png-8e39d8996b346af431d3dca26c806cc9.s3tc.ctex remapped: res://.godot/imported/t_aged_brass_normal.png-8e39d8996b346af431d3dca26c806cc9.s3tc.ctex
Completed load for: 'res://art/textures/material_library/t_aged_brass_normal.png' remapped 'res://art/textures/material_library/t_aged_brass_normal.png' at thread -1
Loading resource: res://art/textures/material_library/t_aged_brass_orm.png remapped: res://art/textures/material_library/t_aged_brass_orm.png
Loading resource: res://.godot/imported/t_aged_brass_orm.png-3d326ed2e26256e8095984503e4be2d1.bptc.ctex remapped: res://.godot/imported/t_aged_brass_orm.png-3d326ed2e26256e8095984503e4be2d1.bptc.ctex
Completed load for: 'res://art/textures/material_library/t_aged_brass_orm.png' remapped 'res://art/textures/material_library/t_aged_brass_orm.png' at thread -1
Completed load for: 'res://art/materials/m_aged_brass.tres' remapped 'res://art/materials/m_aged_brass.tres' at thread -1
Loading resource: res://art/materials/m_dark_iron.tres remapped: res://art/materials/m_dark_iron.tres
Loading resource: res://art/textures/material_library/t_dark_iron_albedo.png remapped: res://art/textures/material_library/t_dark_iron_albedo.png
Loading resource: res://.godot/imported/t_dark_iron_albedo.png-66c578930998aa52cde4476e849cd53e.bptc.ctex remapped: res://.godot/imported/t_dark_iron_albedo.png-66c578930998aa52cde4476e849cd53e.bptc.ctex
Completed load for: 'res://art/textures/material_library/t_dark_iron_albedo.png' remapped 'res://art/textures/material_library/t_dark_iron_albedo.png' at thread -1
Loading resource: res://art/textures/material_library/t_dark_iron_normal.png remapped: res://art/textures/material_library/t_dark_iron_normal.png
Loading resource: res://.godot/imported/t_dark_iron_normal.png-b114b4c4e436e88cf9c30b356a3fdc97.s3tc.ctex remapped: res://.godot/imported/t_dark_iron_normal.png-b114b4c4e436e88cf9c30b356a3fdc97.s3tc.ctex
Completed load for: 'res://art/textures/material_library/t_dark_iron_normal.png' remapped 'res://art/textures/material_library/t_dark_iron_normal.png' at thread -1
Loading resource: res://art/textures/material_library/t_dark_iron_orm.png remapped: res://art/textures/material_library/t_dark_iron_orm.png
Loading resource: res://.godot/imported/t_dark_iron_orm.png-26d916cff2f6d9ab53816438c312c0a3.bptc.ctex remapped: res://.godot/imported/t_dark_iron_orm.png-26d916cff2f6d9ab53816438c312c0a3.bptc.ctex
Completed load for: 'res://art/textures/material_library/t_dark_iron_orm.png' remapped 'res://art/textures/material_library/t_dark_iron_orm.png' at thread -1
Completed load for: 'res://art/materials/m_dark_iron.tres' remapped 'res://art/materials/m_dark_iron.tres' at thread -1
Loading resource: res://art/materials/m_clear_glass.tres remapped: res://art/materials/m_clear_glass.tres
Completed load for: 'res://art/materials/m_clear_glass.tres' remapped 'res://art/materials/m_clear_glass.tres' at thread -1
[   1% ] [90m[1mimport[22m | Running Custom Script...[39m[0m
[  99% ] [90m[1mimport[22m | Saving...[39m[0m
Saving scene to: res://.godot/imported/sm_wing01_emitter.glb-29a862b5637c98396d3d8f801df5a725.scn
[92m[ DONE ][39m [1mimport[22m
[0m
EditorFileSystem: "res://art/meshes/wing01/sm_wing01_emitter.glb" import took 15 ms.
[  40% ] [90m[1mreimport[22m | sm_wing01_focus.glb[39m[0m
EditorFileSystem: Importing file: res://art/meshes/wing01/sm_wing01_focus.glb
[   0% ] [90m[1mimport[22m | Started Import Scene (104 steps)[39m[0m
[   0% ] [90m[1mimport[22m | Importing Scene...[39m[0m
glTF: Total buffers: 1
glTF: Total buffer views: 15
glTF: Total accessors: 15
Total materials: 3
glTF: Parsing mesh: 0
WARNING: glTF import: Buffer view byte stride should be declared for vertex attributes. Assuming packed data and reading anyway.
WARNING: glTF import: Buffer view byte stride should be declared for vertex attributes. Assuming packed data and reading anyway.
WARNING: glTF import: Buffer view byte stride should be declared for vertex attributes. Assuming packed data and reading anyway.
WARNING: glTF import: Buffer view byte stride should be declared for vertex attributes. Assuming packed data and reading anyway.
WARNING: glTF import: Buffer view byte stride should be declared for vertex attributes. Assuming packed data and reading anyway.
WARNING: glTF import: Buffer view byte stride should be declared for vertex attributes. Assuming packed data and reading anyway.
WARNING: glTF import: Buffer view byte stride should be declared for vertex attributes. Assuming packed data and reading anyway.
WARNING: glTF import: Buffer view byte stride should be declared for vertex attributes. Assuming packed data and reading anyway.
WARNING: glTF import: Buffer view byte stride should be declared for vertex attributes. Assuming packed data and reading anyway.
WARNING: glTF import: Buffer view byte stride should be declared for vertex attributes. Assuming packed data and reading anyway.
WARNING: glTF import: Buffer view byte stride should be declared for vertex attributes. Assuming packed data and reading anyway.
WARNING: glTF import: Buffer view byte stride should be declared for vertex attributes. Assuming packed data and reading anyway.
WARNING: glTF import: Buffer view byte stride should be declared for vertex attributes. Assuming packed data and reading anyway.
WARNING: glTF import: Buffer view byte stride should be declared for vertex attributes. Assuming packed data and reading anyway.
WARNING: glTF import: Buffer view byte stride should be declared for vertex attributes. Assuming packed data and reading anyway.
glTF: Total meshes: 1
glTF: Creating mesh for: sm_wing01_focus
Loading resource: res://art/materials/m_aged_brass.tres remapped: res://art/materials/m_aged_brass.tres
Loading resource: res://art/textures/material_library/t_aged_brass_albedo.png remapped: res://art/textures/material_library/t_aged_brass_albedo.png
Loading resource: res://.godot/imported/t_aged_brass_albedo.png-abc56163ac1f88b0fdc87aa9855967f6.bptc.ctex remapped: res://.godot/imported/t_aged_brass_albedo.png-abc56163ac1f88b0fdc87aa9855967f6.bptc.ctex
Completed load for: 'res://art/textures/material_library/t_aged_brass_albedo.png' remapped 'res://art/textures/material_library/t_aged_brass_albedo.png' at thread -1
Loading resource: res://art/textures/material_library/t_aged_brass_normal.png remapped: res://art/textures/material_library/t_aged_brass_normal.png
Loading resource: res://.godot/imported/t_aged_brass_normal.png-8e39d8996b346af431d3dca26c806cc9.s3tc.ctex remapped: res://.godot/imported/t_aged_brass_normal.png-8e39d8996b346af431d3dca26c806cc9.s3tc.ctex
Completed load for: 'res://art/textures/material_library/t_aged_brass_normal.png' remapped 'res://art/textures/material_library/t_aged_brass_normal.png' at thread -1
Loading resource: res://art/textures/material_library/t_aged_brass_orm.png remapped: res://art/textures/material_library/t_aged_brass_orm.png
Loading resource: res://.godot/imported/t_aged_brass_orm.png-3d326ed2e26256e8095984503e4be2d1.bptc.ctex remapped: res://.godot/imported/t_aged_brass_orm.png-3d326ed2e26256e8095984503e4be2d1.bptc.ctex
Completed load for: 'res://art/textures/material_library/t_aged_brass_orm.png' remapped 'res://art/textures/material_library/t_aged_brass_orm.png' at thread -1
Completed load for: 'res://art/materials/m_aged_brass.tres' remapped 'res://art/materials/m_aged_brass.tres' at thread -1
Loading resource: res://art/materials/m_dark_walnut.tres remapped: res://art/materials/m_dark_walnut.tres
Loading resource: res://art/textures/material_library/t_dark_walnut_albedo.png remapped: res://art/textures/material_library/t_dark_walnut_albedo.png
Loading resource: res://.godot/imported/t_dark_walnut_albedo.png-eeb53fd26080333269d26f1244156de6.s3tc.ctex remapped: res://.godot/imported/t_dark_walnut_albedo.png-eeb53fd26080333269d26f1244156de6.s3tc.ctex
Completed load for: 'res://art/textures/material_library/t_dark_walnut_albedo.png' remapped 'res://art/textures/material_library/t_dark_walnut_albedo.png' at thread -1
Loading resource: res://art/textures/material_library/t_dark_walnut_normal.png remapped: res://art/textures/material_library/t_dark_walnut_normal.png
Loading resource: res://.godot/imported/t_dark_walnut_normal.png-0da8c0cbc718834a50d80f1e10dd6f67.s3tc.ctex remapped: res://.godot/imported/t_dark_walnut_normal.png-0da8c0cbc718834a50d80f1e10dd6f67.s3tc.ctex
Completed load for: 'res://art/textures/material_library/t_dark_walnut_normal.png' remapped 'res://art/textures/material_library/t_dark_walnut_normal.png' at thread -1
Loading resource: res://art/textures/material_library/t_dark_walnut_orm.png remapped: res://art/textures/material_library/t_dark_walnut_orm.png
Loading resource: res://.godot/imported/t_dark_walnut_orm.png-80714522fb65226a649b9a39ea999577.s3tc.ctex remapped: res://.godot/imported/t_dark_walnut_orm.png-80714522fb65226a649b9a39ea999577.s3tc.ctex
Completed load for: 'res://art/textures/material_library/t_dark_walnut_orm.png' remapped 'res://art/textures/material_library/t_dark_walnut_orm.png' at thread -1
Completed load for: 'res://art/materials/m_dark_walnut.tres' remapped 'res://art/materials/m_dark_walnut.tres' at thread -1
Loading resource: res://art/materials/m_dark_iron.tres remapped: res://art/materials/m_dark_iron.tres
Loading resource: res://art/textures/material_library/t_dark_iron_albedo.png remapped: res://art/textures/material_library/t_dark_iron_albedo.png
Loading resource: res://.godot/imported/t_dark_iron_albedo.png-66c578930998aa52cde4476e849cd53e.bptc.ctex remapped: res://.godot/imported/t_dark_iron_albedo.png-66c578930998aa52cde4476e849cd53e.bptc.ctex
Completed load for: 'res://art/textures/material_library/t_dark_iron_albedo.png' remapped 'res://art/textures/material_library/t_dark_iron_albedo.png' at thread -1
Loading resource: res://art/textures/material_library/t_dark_iron_normal.png remapped: res://art/textures/material_library/t_dark_iron_normal.png
Loading resource: res://.godot/imported/t_dark_iron_normal.png-b114b4c4e436e88cf9c30b356a3fdc97.s3tc.ctex remapped: res://.godot/imported/t_dark_iron_normal.png-b114b4c4e436e88cf9c30b356a3fdc97.s3tc.ctex
Completed load for: 'res://art/textures/material_library/t_dark_iron_normal.png' remapped 'res://art/textures/material_library/t_dark_iron_normal.png' at thread -1
Loading resource: res://art/textures/material_library/t_dark_iron_orm.png remapped: res://art/textures/material_library/t_dark_iron_orm.png
Loading resource: res://.godot/imported/t_dark_iron_orm.png-26d916cff2f6d9ab53816438c312c0a3.bptc.ctex remapped: res://.godot/imported/t_dark_iron_orm.png-26d916cff2f6d9ab53816438c312c0a3.bptc.ctex
Completed load for: 'res://art/textures/material_library/t_dark_iron_orm.png' remapped 'res://art/textures/material_library/t_dark_iron_orm.png' at thread -1
Completed load for: 'res://art/materials/m_dark_iron.tres' remapped 'res://art/materials/m_dark_iron.tres' at thread -1
[   1% ] [90m[1mimport[22m | Running Custom Script...[39m[0m
[  99% ] [90m[1mimport[22m | Saving...[39m[0m
Saving scene to: res://.godot/imported/sm_wing01_focus.glb-26d7e8416b8296abd61314836383d69a.scn
[92m[ DONE ][39m [1mimport[22m
[0m
EditorFileSystem: "res://art/meshes/wing01/sm_wing01_focus.glb" import took 21 ms.
[  41% ] [90m[1mreimport[22m | sm_wing01_frame.glb[39m[0m
EditorFileSystem: Importing file: res://art/meshes/wing01/sm_wing01_frame.glb
[   0% ] [90m[1mimport[22m | Started Import Scene (104 steps)[39m[0m
[   0% ] [90m[1mimport[22m | Importing Scene...[39m[0m
glTF: Total buffers: 1
glTF: Total buffer views: 20
glTF: Total accessors: 20
Total materials: 4
glTF: Parsing mesh: 0
WARNING: glTF import: Buffer view byte stride should be declared for vertex attributes. Assuming packed data and reading anyway.
WARNING: glTF import: Buffer view byte stride should be declared for vertex attributes. Assuming packed data and reading anyway.
WARNING: glTF import: Buffer view byte stride should be declared for vertex attributes. Assuming packed data and reading anyway.
WARNING: glTF import: Buffer view byte stride should be declared for vertex attributes. Assuming packed data and reading anyway.
WARNING: glTF import: Buffer view byte stride should be declared for vertex attributes. Assuming packed data and reading anyway.
WARNING: glTF import: Buffer view byte stride should be declared for vertex attributes. Assuming packed data and reading anyway.
WARNING: glTF import: Buffer view byte stride should be declared for vertex attributes. Assuming packed data and reading anyway.
WARNING: glTF import: Buffer view byte stride should be declared for vertex attributes. Assuming packed data and reading anyway.
WARNING: glTF import: Buffer view byte stride should be declared for vertex attributes. Assuming packed data and reading anyway.
WARNING: glTF import: Buffer view byte stride should be declared for vertex attributes. Assuming packed data and reading anyway.
WARNING: glTF import: Buffer view byte stride should be declared for vertex attributes. Assuming packed data and reading anyway.
WARNING: glTF import: Buffer view byte stride should be declared for vertex attributes. Assuming packed data and reading anyway.
WARNING: glTF import: Buffer view byte stride should be declared for vertex attributes. Assuming packed data and reading anyway.
WARNING: glTF import: Buffer view byte stride should be declared for vertex attributes. Assuming packed data and reading anyway.
WARNING: glTF import: Buffer view byte stride should be declared for vertex attributes. Assuming packed data and reading anyway.
WARNING: glTF import: Buffer view byte stride should be declared for vertex attributes. Assuming packed data and reading anyway.
WARNING: glTF import: Buffer view byte stride should be declared for vertex attributes. Assuming packed data and reading anyway.
WARNING: glTF import: Buffer view byte stride should be declared for vertex attributes. Assuming packed data and reading anyway.
WARNING: glTF import: Buffer view byte stride should be declared for vertex attributes. Assuming packed data and reading anyway.
WARNING: glTF import: Buffer view byte stride should be declared for vertex attributes. Assuming packed data and reading anyway.
glTF: Total meshes: 1
glTF: Creating mesh for: sm_wing01_frame
Loading resource: res://art/materials/m_observatory_stone.tres remapped: res://art/materials/m_observatory_stone.tres
Loading resource: res://art/textures/material_library/t_observatory_stone_albedo.png remapped: res://art/textures/material_library/t_observatory_stone_albedo.png
Loading resource: res://.godot/imported/t_observatory_stone_albedo.png-43349643c0875f5ace3ffdb2d210c57f.s3tc.ctex remapped: res://.godot/imported/t_observatory_stone_albedo.png-43349643c0875f5ace3ffdb2d210c57f.s3tc.ctex
Completed load for: 'res://art/textures/material_library/t_observatory_stone_albedo.png' remapped 'res://art/textures/material_library/t_observatory_stone_albedo.png' at thread -1
Loading resource: res://art/textures/material_library/t_observatory_stone_normal.png remapped: res://art/textures/material_library/t_observatory_stone_normal.png
Loading resource: res://.godot/imported/t_observatory_stone_normal.png-47e0f6bff75f2896b77ed27a272dde2f.s3tc.ctex remapped: res://.godot/imported/t_observatory_stone_normal.png-47e0f6bff75f2896b77ed27a272dde2f.s3tc.ctex
Completed load for: 'res://art/textures/material_library/t_observatory_stone_normal.png' remapped 'res://art/textures/material_library/t_observatory_stone_normal.png' at thread -1
Loading resource: res://art/textures/material_library/t_observatory_stone_orm.png remapped: res://art/textures/material_library/t_observatory_stone_orm.png
Loading resource: res://.godot/imported/t_observatory_stone_orm.png-4da19abca2400c1ea60157ddc8b2fe43.s3tc.ctex remapped: res://.godot/imported/t_observatory_stone_orm.png-4da19abca2400c1ea60157ddc8b2fe43.s3tc.ctex
Completed load for: 'res://art/textures/material_library/t_observatory_stone_orm.png' remapped 'res://art/textures/material_library/t_observatory_stone_orm.png' at thread -1
Completed load for: 'res://art/materials/m_observatory_stone.tres' remapped 'res://art/materials/m_observatory_stone.tres' at thread -1
Loading resource: res://art/materials/m_aged_brass.tres remapped: res://art/materials/m_aged_brass.tres
Loading resource: res://art/textures/material_library/t_aged_brass_albedo.png remapped: res://art/textures/material_library/t_aged_brass_albedo.png
Loading resource: res://.godot/imported/t_aged_brass_albedo.png-abc56163ac1f88b0fdc87aa9855967f6.bptc.ctex remapped: res://.godot/imported/t_aged_brass_albedo.png-abc56163ac1f88b0fdc87aa9855967f6.bptc.ctex
Completed load for: 'res://art/textures/material_library/t_aged_brass_albedo.png' remapped 'res://art/textures/material_library/t_aged_brass_albedo.png' at thread -1
Loading resource: res://art/textures/material_library/t_aged_brass_normal.png remapped: res://art/textures/material_library/t_aged_brass_normal.png
Loading resource: res://.godot/imported/t_aged_brass_normal.png-8e39d8996b346af431d3dca26c806cc9.s3tc.ctex remapped: res://.godot/imported/t_aged_brass_normal.png-8e39d8996b346af431d3dca26c806cc9.s3tc.ctex
Completed load for: 'res://art/textures/material_library/t_aged_brass_normal.png' remapped 'res://art/textures/material_library/t_aged_brass_normal.png' at thread -1
Loading resource: res://art/textures/material_library/t_aged_brass_orm.png remapped: res://art/textures/material_library/t_aged_brass_orm.png
Loading resource: res://.godot/imported/t_aged_brass_orm.png-3d326ed2e26256e8095984503e4be2d1.bptc.ctex remapped: res://.godot/imported/t_aged_brass_orm.png-3d326ed2e26256e8095984503e4be2d1.bptc.ctex
Completed load for: 'res://art/textures/material_library/t_aged_brass_orm.png' remapped 'res://art/textures/material_library/t_aged_brass_orm.png' at thread -1
Completed load for: 'res://art/materials/m_aged_brass.tres' remapped 'res://art/materials/m_aged_brass.tres' at thread -1
Loading resource: res://art/materials/m_dark_walnut.tres remapped: res://art/materials/m_dark_walnut.tres
Loading resource: res://art/textures/material_library/t_dark_walnut_albedo.png remapped: res://art/textures/material_library/t_dark_walnut_albedo.png
Loading resource: res://.godot/imported/t_dark_walnut_albedo.png-eeb53fd26080333269d26f1244156de6.s3tc.ctex remapped: res://.godot/imported/t_dark_walnut_albedo.png-eeb53fd26080333269d26f1244156de6.s3tc.ctex
Completed load for: 'res://art/textures/material_library/t_dark_walnut_albedo.png' remapped 'res://art/textures/material_library/t_dark_walnut_albedo.png' at thread -1
Loading resource: res://art/textures/material_library/t_dark_walnut_normal.png remapped: res://art/textures/material_library/t_dark_walnut_normal.png
Loading resource: res://.godot/imported/t_dark_walnut_normal.png-0da8c0cbc718834a50d80f1e10dd6f67.s3tc.ctex remapped: res://.godot/imported/t_dark_walnut_normal.png-0da8c0cbc718834a50d80f1e10dd6f67.s3tc.ctex
Completed load for: 'res://art/textures/material_library/t_dark_walnut_normal.png' remapped 'res://art/textures/material_library/t_dark_walnut_normal.png' at thread -1
Loading resource: res://art/textures/material_library/t_dark_walnut_orm.png remapped: res://art/textures/material_library/t_dark_walnut_orm.png
Loading resource: res://.godot/imported/t_dark_walnut_orm.png-80714522fb65226a649b9a39ea999577.s3tc.ctex remapped: res://.godot/imported/t_dark_walnut_orm.png-80714522fb65226a649b9a39ea999577.s3tc.ctex
Completed load for: 'res://art/textures/material_library/t_dark_walnut_orm.png' remapped 'res://art/textures/material_library/t_dark_walnut_orm.png' at thread -1
Completed load for: 'res://art/materials/m_dark_walnut.tres' remapped 'res://art/materials/m_dark_walnut.tres' at thread -1
Loading resource: res://art/materials/m_dark_iron.tres remapped: res://art/materials/m_dark_iron.tres
Loading resource: res://art/textures/material_library/t_dark_iron_albedo.png remapped: res://art/textures/material_library/t_dark_iron_albedo.png
Loading resource: res://.godot/imported/t_dark_iron_albedo.png-66c578930998aa52cde4476e849cd53e.bptc.ctex remapped: res://.godot/imported/t_dark_iron_albedo.png-66c578930998aa52cde4476e849cd53e.bptc.ctex
Completed load for: 'res://art/textures/material_library/t_dark_iron_albedo.png' remapped 'res://art/textures/material_library/t_dark_iron_albedo.png' at thread -1
Loading resource: res://art/textures/material_library/t_dark_iron_normal.png remapped: res://art/textures/material_library/t_dark_iron_normal.png
Loading resource: res://.godot/imported/t_dark_iron_normal.png-b114b4c4e436e88cf9c30b356a3fdc97.s3tc.ctex remapped: res://.godot/imported/t_dark_iron_normal.png-b114b4c4e436e88cf9c30b356a3fdc97.s3tc.ctex
Completed load for: 'res://art/textures/material_library/t_dark_iron_normal.png' remapped 'res://art/textures/material_library/t_dark_iron_normal.png' at thread -1
Loading resource: res://art/textures/material_library/t_dark_iron_orm.png remapped: res://art/textures/material_library/t_dark_iron_orm.png
Loading resource: res://.godot/imported/t_dark_iron_orm.png-26d916cff2f6d9ab53816438c312c0a3.bptc.ctex remapped: res://.godot/imported/t_dark_iron_orm.png-26d916cff2f6d9ab53816438c312c0a3.bptc.ctex
Completed load for: 'res://art/textures/material_library/t_dark_iron_orm.png' remapped 'res://art/textures/material_library/t_dark_iron_orm.png' at thread -1
Completed load for: 'res://art/materials/m_dark_iron.tres' remapped 'res://art/materials/m_dark_iron.tres' at thread -1
[   1% ] [90m[1mimport[22m | Running Custom Script...[39m[0m
[  99% ] [90m[1mimport[22m | Saving...[39m[0m
Saving scene to: res://.godot/imported/sm_wing01_frame.glb-d979c5a84deda3d1e11ad89ae3a78146.scn
[92m[ DONE ][39m [1mimport[22m
[0m
EditorFileSystem: "res://art/meshes/wing01/sm_wing01_frame.glb" import took 23 ms.
[  42% ] [90m[1mreimport[22m | sm_wing01_hearth.glb[39m[0m
EditorFileSystem: Importing file: res://art/meshes/wing01/sm_wing01_hearth.glb
[   0% ] [90m[1mimport[22m | Started Import Scene (104 steps)[39m[0m
[   0% ] [90m[1mimport[22m | Importing Scene...[39m[0m
glTF: Total buffers: 1
glTF: Total buffer views: 10
glTF: Total accessors: 10
Total materials: 2
glTF: Parsing mesh: 0
WARNING: glTF import: Buffer view byte stride should be declared for vertex attributes. Assuming packed data and reading anyway.
WARNING: glTF import: Buffer view byte stride should be declared for vertex attributes. Assuming packed data and reading anyway.
WARNING: glTF import: Buffer view byte stride should be declared for vertex attributes. Assuming packed data and reading anyway.
WARNING: glTF import: Buffer view byte stride should be declared for vertex attributes. Assuming packed data and reading anyway.
WARNING: glTF import: Buffer view byte stride should be declared for vertex attributes. Assuming packed data and reading anyway.
WARNING: glTF import: Buffer view byte stride should be declared for vertex attributes. Assuming packed data and reading anyway.
WARNING: glTF import: Buffer view byte stride should be declared for vertex attributes. Assuming packed data and reading anyway.
WARNING: glTF import: Buffer view byte stride should be declared for vertex attributes. Assuming packed data and reading anyway.
WARNING: glTF import: Buffer view byte stride should be declared for vertex attributes. Assuming packed data and reading anyway.
WARNING: glTF import: Buffer view byte stride should be declared for vertex attributes. Assuming packed data and reading anyway.
glTF: Total meshes: 1
glTF: Creating mesh for: sm_wing01_hearth
Loading resource: res://art/materials/m_observatory_stone.tres remapped: res://art/materials/m_observatory_stone.tres
Loading resource: res://art/textures/material_library/t_observatory_stone_albedo.png remapped: res://art/textures/material_library/t_observatory_stone_albedo.png
Loading resource: res://.godot/imported/t_observatory_stone_albedo.png-43349643c0875f5ace3ffdb2d210c57f.s3tc.ctex remapped: res://.godot/imported/t_observatory_stone_albedo.png-43349643c0875f5ace3ffdb2d210c57f.s3tc.ctex
Completed load for: 'res://art/textures/material_library/t_observatory_stone_albedo.png' remapped 'res://art/textures/material_library/t_observatory_stone_albedo.png' at thread -1
Loading resource: res://art/textures/material_library/t_observatory_stone_normal.png remapped: res://art/textures/material_library/t_observatory_stone_normal.png
Loading resource: res://.godot/imported/t_observatory_stone_normal.png-47e0f6bff75f2896b77ed27a272dde2f.s3tc.ctex remapped: res://.godot/imported/t_observatory_stone_normal.png-47e0f6bff75f2896b77ed27a272dde2f.s3tc.ctex
Completed load for: 'res://art/textures/material_library/t_observatory_stone_normal.png' remapped 'res://art/textures/material_library/t_observatory_stone_normal.png' at thread -1
Loading resource: res://art/textures/material_library/t_observatory_stone_orm.png remapped: res://art/textures/material_library/t_observatory_stone_orm.png
Loading resource: res://.godot/imported/t_observatory_stone_orm.png-4da19abca2400c1ea60157ddc8b2fe43.s3tc.ctex remapped: res://.godot/imported/t_observatory_stone_orm.png-4da19abca2400c1ea60157ddc8b2fe43.s3tc.ctex
Completed load for: 'res://art/textures/material_library/t_observatory_stone_orm.png' remapped 'res://art/textures/material_library/t_observatory_stone_orm.png' at thread -1
Completed load for: 'res://art/materials/m_observatory_stone.tres' remapped 'res://art/materials/m_observatory_stone.tres' at thread -1
Loading resource: res://art/materials/m_aged_brass.tres remapped: res://art/materials/m_aged_brass.tres
Loading resource: res://art/textures/material_library/t_aged_brass_albedo.png remapped: res://art/textures/material_library/t_aged_brass_albedo.png
Loading resource: res://.godot/imported/t_aged_brass_albedo.png-abc56163ac1f88b0fdc87aa9855967f6.bptc.ctex remapped: res://.godot/imported/t_aged_brass_albedo.png-abc56163ac1f88b0fdc87aa9855967f6.bptc.ctex
Completed load for: 'res://art/textures/material_library/t_aged_brass_albedo.png' remapped 'res://art/textures/material_library/t_aged_brass_albedo.png' at thread -1
Loading resource: res://art/textures/material_library/t_aged_brass_normal.png remapped: res://art/textures/material_library/t_aged_brass_normal.png
Loading resource: res://.godot/imported/t_aged_brass_normal.png-8e39d8996b346af431d3dca26c806cc9.s3tc.ctex remapped: res://.godot/imported/t_aged_brass_normal.png-8e39d8996b346af431d3dca26c806cc9.s3tc.ctex
Completed load for: 'res://art/textures/material_library/t_aged_brass_normal.png' remapped 'res://art/textures/material_library/t_aged_brass_normal.png' at thread -1
Loading resource: res://art/textures/material_library/t_aged_brass_orm.png remapped: res://art/textures/material_library/t_aged_brass_orm.png
Loading resource: res://.godot/imported/t_aged_brass_orm.png-3d326ed2e26256e8095984503e4be2d1.bptc.ctex remapped: res://.godot/imported/t_aged_brass_orm.png-3d326ed2e26256e8095984503e4be2d1.bptc.ctex
Completed load for: 'res://art/textures/material_library/t_aged_brass_orm.png' remapped 'res://art/textures/material_library/t_aged_brass_orm.png' at thread -1
Completed load for: 'res://art/materials/m_aged_brass.tres' remapped 'res://art/materials/m_aged_brass.tres' at thread -1
[   1% ] [90m[1mimport[22m | Running Custom Script...[39m[0m
[  99% ] [90m[1mimport[22m | Saving...[39m[0m
Saving scene to: res://.godot/imported/sm_wing01_hearth.glb-f85e1260a3c75f3c60aab6268f9c1397.scn
[92m[ DONE ][39m [1mimport[22m
[0m
EditorFileSystem: "res://art/meshes/wing01/sm_wing01_hearth.glb" import took 14 ms.
[  44% ] [90m[1mreimport[22m | sm_wing01_ring_inner.glb[39m[0m
EditorFileSystem: Importing file: res://art/meshes/wing01/sm_wing01_ring_inner.glb
[   0% ] [90m[1mimport[22m | Started Import Scene (104 steps)[39m[0m
[   0% ] [90m[1mimport[22m | Importing Scene...[39m[0m
glTF: Total buffers: 1
glTF: Total buffer views: 15
glTF: Total accessors: 15
Total materials: 3
glTF: Parsing mesh: 0
WARNING: glTF import: Buffer view byte stride should be declared for vertex attributes. Assuming packed data and reading anyway.
WARNING: glTF import: Buffer view byte stride should be declared for vertex attributes. Assuming packed data and reading anyway.
WARNING: glTF import: Buffer view byte stride should be declared for vertex attributes. Assuming packed data and reading anyway.
WARNING: glTF import: Buffer view byte stride should be declared for vertex attributes. Assuming packed data and reading anyway.
WARNING: glTF import: Buffer view byte stride should be declared for vertex attributes. Assuming packed data and reading anyway.
WARNING: glTF import: Buffer view byte stride should be declared for vertex attributes. Assuming packed data and reading anyway.
WARNING: glTF import: Buffer view byte stride should be declared for vertex attributes. Assuming packed data and reading anyway.
WARNING: glTF import: Buffer view byte stride should be declared for vertex attributes. Assuming packed data and reading anyway.
WARNING: glTF import: Buffer view byte stride should be declared for vertex attributes. Assuming packed data and reading anyway.
WARNING: glTF import: Buffer view byte stride should be declared for vertex attributes. Assuming packed data and reading anyway.
WARNING: glTF import: Buffer view byte stride should be declared for vertex attributes. Assuming packed data and reading anyway.
WARNING: glTF import: Buffer view byte stride should be declared for vertex attributes. Assuming packed data and reading anyway.
WARNING: glTF import: Buffer view byte stride should be declared for vertex attributes. Assuming packed data and reading anyway.
WARNING: glTF import: Buffer view byte stride should be declared for vertex attributes. Assuming packed data and reading anyway.
WARNING: glTF import: Buffer view byte stride should be declared for vertex attributes. Assuming packed data and reading anyway.
glTF: Total meshes: 1
glTF: Creating mesh for: sm_wing01_ring_inner
Loading resource: res://art/materials/m_aged_brass.tres remapped: res://art/materials/m_aged_brass.tres
Loading resource: res://art/textures/material_library/t_aged_brass_albedo.png remapped: res://art/textures/material_library/t_aged_brass_albedo.png
Loading resource: res://.godot/imported/t_aged_brass_albedo.png-abc56163ac1f88b0fdc87aa9855967f6.bptc.ctex remapped: res://.godot/imported/t_aged_brass_albedo.png-abc56163ac1f88b0fdc87aa9855967f6.bptc.ctex
Completed load for: 'res://art/textures/material_library/t_aged_brass_albedo.png' remapped 'res://art/textures/material_library/t_aged_brass_albedo.png' at thread -1
Loading resource: res://art/textures/material_library/t_aged_brass_normal.png remapped: res://art/textures/material_library/t_aged_brass_normal.png
Loading resource: res://.godot/imported/t_aged_brass_normal.png-8e39d8996b346af431d3dca26c806cc9.s3tc.ctex remapped: res://.godot/imported/t_aged_brass_normal.png-8e39d8996b346af431d3dca26c806cc9.s3tc.ctex
Completed load for: 'res://art/textures/material_library/t_aged_brass_normal.png' remapped 'res://art/textures/material_library/t_aged_brass_normal.png' at thread -1
Loading resource: res://art/textures/material_library/t_aged_brass_orm.png remapped: res://art/textures/material_library/t_aged_brass_orm.png
Loading resource: res://.godot/imported/t_aged_brass_orm.png-3d326ed2e26256e8095984503e4be2d1.bptc.ctex remapped: res://.godot/imported/t_aged_brass_orm.png-3d326ed2e26256e8095984503e4be2d1.bptc.ctex
Completed load for: 'res://art/textures/material_library/t_aged_brass_orm.png' remapped 'res://art/textures/material_library/t_aged_brass_orm.png' at thread -1
Completed load for: 'res://art/materials/m_aged_brass.tres' remapped 'res://art/materials/m_aged_brass.tres' at thread -1
Loading resource: res://art/materials/m_dark_walnut.tres remapped: res://art/materials/m_dark_walnut.tres
Loading resource: res://art/textures/material_library/t_dark_walnut_albedo.png remapped: res://art/textures/material_library/t_dark_walnut_albedo.png
Loading resource: res://.godot/imported/t_dark_walnut_albedo.png-eeb53fd26080333269d26f1244156de6.s3tc.ctex remapped: res://.godot/imported/t_dark_walnut_albedo.png-eeb53fd26080333269d26f1244156de6.s3tc.ctex
Completed load for: 'res://art/textures/material_library/t_dark_walnut_albedo.png' remapped 'res://art/textures/material_library/t_dark_walnut_albedo.png' at thread -1
Loading resource: res://art/textures/material_library/t_dark_walnut_normal.png remapped: res://art/textures/material_library/t_dark_walnut_normal.png
Loading resource: res://.godot/imported/t_dark_walnut_normal.png-0da8c0cbc718834a50d80f1e10dd6f67.s3tc.ctex remapped: res://.godot/imported/t_dark_walnut_normal.png-0da8c0cbc718834a50d80f1e10dd6f67.s3tc.ctex
Completed load for: 'res://art/textures/material_library/t_dark_walnut_normal.png' remapped 'res://art/textures/material_library/t_dark_walnut_normal.png' at thread -1
Loading resource: res://art/textures/material_library/t_dark_walnut_orm.png remapped: res://art/textures/material_library/t_dark_walnut_orm.png
Loading resource: res://.godot/imported/t_dark_walnut_orm.png-80714522fb65226a649b9a39ea999577.s3tc.ctex remapped: res://.godot/imported/t_dark_walnut_orm.png-80714522fb65226a649b9a39ea999577.s3tc.ctex
Completed load for: 'res://art/textures/material_library/t_dark_walnut_orm.png' remapped 'res://art/textures/material_library/t_dark_walnut_orm.png' at thread -1
Completed load for: 'res://art/materials/m_dark_walnut.tres' remapped 'res://art/materials/m_dark_walnut.tres' at thread -1
Loading resource: res://art/materials/m_dark_iron.tres remapped: res://art/materials/m_dark_iron.tres
Loading resource: res://art/textures/material_library/t_dark_iron_albedo.png remapped: res://art/textures/material_library/t_dark_iron_albedo.png
Loading resource: res://.godot/imported/t_dark_iron_albedo.png-66c578930998aa52cde4476e849cd53e.bptc.ctex remapped: res://.godot/imported/t_dark_iron_albedo.png-66c578930998aa52cde4476e849cd53e.bptc.ctex
Completed load for: 'res://art/textures/material_library/t_dark_iron_albedo.png' remapped 'res://art/textures/material_library/t_dark_iron_albedo.png' at thread -1
Loading resource: res://art/textures/material_library/t_dark_iron_normal.png remapped: res://art/textures/material_library/t_dark_iron_normal.png
Loading resource: res://.godot/imported/t_dark_iron_normal.png-b114b4c4e436e88cf9c30b356a3fdc97.s3tc.ctex remapped: res://.godot/imported/t_dark_iron_normal.png-b114b4c4e436e88cf9c30b356a3fdc97.s3tc.ctex
Completed load for: 'res://art/textures/material_library/t_dark_iron_normal.png' remapped 'res://art/textures/material_library/t_dark_iron_normal.png' at thread -1
Loading resource: res://art/textures/material_library/t_dark_iron_orm.png remapped: res://art/textures/material_library/t_dark_iron_orm.png
Loading resource: res://.godot/imported/t_dark_iron_orm.png-26d916cff2f6d9ab53816438c312c0a3.bptc.ctex remapped: res://.godot/imported/t_dark_iron_orm.png-26d916cff2f6d9ab53816438c312c0a3.bptc.ctex
Completed load for: 'res://art/textures/material_library/t_dark_iron_orm.png' remapped 'res://art/textures/material_library/t_dark_iron_orm.png' at thread -1
Completed load for: 'res://art/materials/m_dark_iron.tres' remapped 'res://art/materials/m_dark_iron.tres' at thread -1
[   1% ] [90m[1mimport[22m | Running Custom Script...[39m[0m
[  99% ] [90m[1mimport[22m | Saving...[39m[0m
Saving scene to: res://.godot/imported/sm_wing01_ring_inner.glb-ec0722615e56a84855e8dc7a33bbe88e.scn
[92m[ DONE ][39m [1mimport[22m
[0m
EditorFileSystem: "res://art/meshes/wing01/sm_wing01_ring_inner.glb" import took 16 ms.
[  45% ] [90m[1mreimport[22m | sm_wing01_ring_middle.glb[39m[0m
EditorFileSystem: Importing file: res://art/meshes/wing01/sm_wing01_ring_middle.glb
[   0% ] [90m[1mimport[22m | Started Import Scene (104 steps)[39m[0m
[   0% ] [90m[1mimport[22m | Importing Scene...[39m[0m
glTF: Total buffers: 1
glTF: Total buffer views: 15
glTF: Total accessors: 15
Total materials: 3
glTF: Parsing mesh: 0
WARNING: glTF import: Buffer view byte stride should be declared for vertex attributes. Assuming packed data and reading anyway.
WARNING: glTF import: Buffer view byte stride should be declared for vertex attributes. Assuming packed data and reading anyway.
WARNING: glTF import: Buffer view byte stride should be declared for vertex attributes. Assuming packed data and reading anyway.
WARNING: glTF import: Buffer view byte stride should be declared for vertex attributes. Assuming packed data and reading anyway.
WARNING: glTF import: Buffer view byte stride should be declared for vertex attributes. Assuming packed data and reading anyway.
WARNING: glTF import: Buffer view byte stride should be declared for vertex attributes. Assuming packed data and reading anyway.
WARNING: glTF import: Buffer view byte stride should be declared for vertex attributes. Assuming packed data and reading anyway.
WARNING: glTF import: Buffer view byte stride should be declared for vertex attributes. Assuming packed data and reading anyway.
WARNING: glTF import: Buffer view byte stride should be declared for vertex attributes. Assuming packed data and reading anyway.
WARNING: glTF import: Buffer view byte stride should be declared for vertex attributes. Assuming packed data and reading anyway.
WARNING: glTF import: Buffer view byte stride should be declared for vertex attributes. Assuming packed data and reading anyway.
WARNING: glTF import: Buffer view byte stride should be declared for vertex attributes. Assuming packed data and reading anyway.
WARNING: glTF import: Buffer view byte stride should be declared for vertex attributes. Assuming packed data and reading anyway.
WARNING: glTF import: Buffer view byte stride should be declared for vertex attributes. Assuming packed data and reading anyway.
WARNING: glTF import: Buffer view byte stride should be declared for vertex attributes. Assuming packed data and reading anyway.
glTF: Total meshes: 1
glTF: Creating mesh for: sm_wing01_ring_middle
Loading resource: res://art/materials/m_aged_brass.tres remapped: res://art/materials/m_aged_brass.tres
Loading resource: res://art/textures/material_library/t_aged_brass_albedo.png remapped: res://art/textures/material_library/t_aged_brass_albedo.png
Loading resource: res://.godot/imported/t_aged_brass_albedo.png-abc56163ac1f88b0fdc87aa9855967f6.bptc.ctex remapped: res://.godot/imported/t_aged_brass_albedo.png-abc56163ac1f88b0fdc87aa9855967f6.bptc.ctex
Completed load for: 'res://art/textures/material_library/t_aged_brass_albedo.png' remapped 'res://art/textures/material_library/t_aged_brass_albedo.png' at thread -1
Loading resource: res://art/textures/material_library/t_aged_brass_normal.png remapped: res://art/textures/material_library/t_aged_brass_normal.png
Loading resource: res://.godot/imported/t_aged_brass_normal.png-8e39d8996b346af431d3dca26c806cc9.s3tc.ctex remapped: res://.godot/imported/t_aged_brass_normal.png-8e39d8996b346af431d3dca26c806cc9.s3tc.ctex
Completed load for: 'res://art/textures/material_library/t_aged_brass_normal.png' remapped 'res://art/textures/material_library/t_aged_brass_normal.png' at thread -1
Loading resource: res://art/textures/material_library/t_aged_brass_orm.png remapped: res://art/textures/material_library/t_aged_brass_orm.png
Loading resource: res://.godot/imported/t_aged_brass_orm.png-3d326ed2e26256e8095984503e4be2d1.bptc.ctex remapped: res://.godot/imported/t_aged_brass_orm.png-3d326ed2e26256e8095984503e4be2d1.bptc.ctex
Completed load for: 'res://art/textures/material_library/t_aged_brass_orm.png' remapped 'res://art/textures/material_library/t_aged_brass_orm.png' at thread -1
Completed load for: 'res://art/materials/m_aged_brass.tres' remapped 'res://art/materials/m_aged_brass.tres' at thread -1
Loading resource: res://art/materials/m_dark_walnut.tres remapped: res://art/materials/m_dark_walnut.tres
Loading resource: res://art/textures/material_library/t_dark_walnut_albedo.png remapped: res://art/textures/material_library/t_dark_walnut_albedo.png
Loading resource: res://.godot/imported/t_dark_walnut_albedo.png-eeb53fd26080333269d26f1244156de6.s3tc.ctex remapped: res://.godot/imported/t_dark_walnut_albedo.png-eeb53fd26080333269d26f1244156de6.s3tc.ctex
Completed load for: 'res://art/textures/material_library/t_dark_walnut_albedo.png' remapped 'res://art/textures/material_library/t_dark_walnut_albedo.png' at thread -1
Loading resource: res://art/textures/material_library/t_dark_walnut_normal.png remapped: res://art/textures/material_library/t_dark_walnut_normal.png
Loading resource: res://.godot/imported/t_dark_walnut_normal.png-0da8c0cbc718834a50d80f1e10dd6f67.s3tc.ctex remapped: res://.godot/imported/t_dark_walnut_normal.png-0da8c0cbc718834a50d80f1e10dd6f67.s3tc.ctex
Completed load for: 'res://art/textures/material_library/t_dark_walnut_normal.png' remapped 'res://art/textures/material_library/t_dark_walnut_normal.png' at thread -1
Loading resource: res://art/textures/material_library/t_dark_walnut_orm.png remapped: res://art/textures/material_library/t_dark_walnut_orm.png
Loading resource: res://.godot/imported/t_dark_walnut_orm.png-80714522fb65226a649b9a39ea999577.s3tc.ctex remapped: res://.godot/imported/t_dark_walnut_orm.png-80714522fb65226a649b9a39ea999577.s3tc.ctex
Completed load for: 'res://art/textures/material_library/t_dark_walnut_orm.png' remapped 'res://art/textures/material_library/t_dark_walnut_orm.png' at thread -1
Completed load for: 'res://art/materials/m_dark_walnut.tres' remapped 'res://art/materials/m_dark_walnut.tres' at thread -1
Loading resource: res://art/materials/m_dark_iron.tres remapped: res://art/materials/m_dark_iron.tres
Loading resource: res://art/textures/material_library/t_dark_iron_albedo.png remapped: res://art/textures/material_library/t_dark_iron_albedo.png
Loading resource: res://.godot/imported/t_dark_iron_albedo.png-66c578930998aa52cde4476e849cd53e.bptc.ctex remapped: res://.godot/imported/t_dark_iron_albedo.png-66c578930998aa52cde4476e849cd53e.bptc.ctex
Completed load for: 'res://art/textures/material_library/t_dark_iron_albedo.png' remapped 'res://art/textures/material_library/t_dark_iron_albedo.png' at thread -1
Loading resource: res://art/textures/material_library/t_dark_iron_normal.png remapped: res://art/textures/material_library/t_dark_iron_normal.png
Loading resource: res://.godot/imported/t_dark_iron_normal.png-b114b4c4e436e88cf9c30b356a3fdc97.s3tc.ctex remapped: res://.godot/imported/t_dark_iron_normal.png-b114b4c4e436e88cf9c30b356a3fdc97.s3tc.ctex
Completed load for: 'res://art/textures/material_library/t_dark_iron_normal.png' remapped 'res://art/textures/material_library/t_dark_iron_normal.png' at thread -1
Loading resource: res://art/textures/material_library/t_dark_iron_orm.png remapped: res://art/textures/material_library/t_dark_iron_orm.png
Loading resource: res://.godot/imported/t_dark_iron_orm.png-26d916cff2f6d9ab53816438c312c0a3.bptc.ctex remapped: res://.godot/imported/t_dark_iron_orm.png-26d916cff2f6d9ab53816438c312c0a3.bptc.ctex
Completed load for: 'res://art/textures/material_library/t_dark_iron_orm.png' remapped 'res://art/textures/material_library/t_dark_iron_orm.png' at thread -1
Completed load for: 'res://art/materials/m_dark_iron.tres' remapped 'res://art/materials/m_dark_iron.tres' at thread -1
[   1% ] [90m[1mimport[22m | Running Custom Script...[39m[0m
[  99% ] [90m[1mimport[22m | Saving...[39m[0m
Saving scene to: res://.godot/imported/sm_wing01_ring_middle.glb-d670d1b39b3a9ec6c397a419323af088.scn
[92m[ DONE ][39m [1mimport[22m
[0m
EditorFileSystem: "res://art/meshes/wing01/sm_wing01_ring_middle.glb" import took 15 ms.
[  47% ] [90m[1mreimport[22m | sm_wing01_ring_outer.glb[39m[0m
EditorFileSystem: Importing file: res://art/meshes/wing01/sm_wing01_ring_outer.glb
[   0% ] [90m[1mimport[22m | Started Import Scene (104 steps)[39m[0m
[   0% ] [90m[1mimport[22m | Importing Scene...[39m[0m
glTF: Total buffers: 1
glTF: Total buffer views: 15
glTF: Total accessors: 15
Total materials: 3
glTF: Parsing mesh: 0
WARNING: glTF import: Buffer view byte stride should be declared for vertex attributes. Assuming packed data and reading anyway.
WARNING: glTF import: Buffer view byte stride should be declared for vertex attributes. Assuming packed data and reading anyway.
WARNING: glTF import: Buffer view byte stride should be declared for vertex attributes. Assuming packed data and reading anyway.
WARNING: glTF import: Buffer view byte stride should be declared for vertex attributes. Assuming packed data and reading anyway.
WARNING: glTF import: Buffer view byte stride should be declared for vertex attributes. Assuming packed data and reading anyway.
WARNING: glTF import: Buffer view byte stride should be declared for vertex attributes. Assuming packed data and reading anyway.
WARNING: glTF import: Buffer view byte stride should be declared for vertex attributes. Assuming packed data and reading anyway.
WARNING: glTF import: Buffer view byte stride should be declared for vertex attributes. Assuming packed data and reading anyway.
WARNING: glTF import: Buffer view byte stride should be declared for vertex attributes. Assuming packed data and reading anyway.
WARNING: glTF import: Buffer view byte stride should be declared for vertex attributes. Assuming packed data and reading anyway.
WARNING: glTF import: Buffer view byte stride should be declared for vertex attributes. Assuming packed data and reading anyway.
WARNING: glTF import: Buffer view byte stride should be declared for vertex attributes. Assuming packed data and reading anyway.
WARNING: glTF import: Buffer view byte stride should be declared for vertex attributes. Assuming packed data and reading anyway.
WARNING: glTF import: Buffer view byte stride should be declared for vertex attributes. Assuming packed data and reading anyway.
WARNING: glTF import: Buffer view byte stride should be declared for vertex attributes. Assuming packed data and reading anyway.
glTF: Total meshes: 1
glTF: Creating mesh for: sm_wing01_ring_outer
Loading resource: res://art/materials/m_aged_brass.tres remapped: res://art/materials/m_aged_brass.tres
Loading resource: res://art/textures/material_library/t_aged_brass_albedo.png remapped: res://art/textures/material_library/t_aged_brass_albedo.png
Loading resource: res://.godot/imported/t_aged_brass_albedo.png-abc56163ac1f88b0fdc87aa9855967f6.bptc.ctex remapped: res://.godot/imported/t_aged_brass_albedo.png-abc56163ac1f88b0fdc87aa9855967f6.bptc.ctex
Completed load for: 'res://art/textures/material_library/t_aged_brass_albedo.png' remapped 'res://art/textures/material_library/t_aged_brass_albedo.png' at thread -1
Loading resource: res://art/textures/material_library/t_aged_brass_normal.png remapped: res://art/textures/material_library/t_aged_brass_normal.png
Loading resource: res://.godot/imported/t_aged_brass_normal.png-8e39d8996b346af431d3dca26c806cc9.s3tc.ctex remapped: res://.godot/imported/t_aged_brass_normal.png-8e39d8996b346af431d3dca26c806cc9.s3tc.ctex
Completed load for: 'res://art/textures/material_library/t_aged_brass_normal.png' remapped 'res://art/textures/material_library/t_aged_brass_normal.png' at thread -1
Loading resource: res://art/textures/material_library/t_aged_brass_orm.png remapped: res://art/textures/material_library/t_aged_brass_orm.png
Loading resource: res://.godot/imported/t_aged_brass_orm.png-3d326ed2e26256e8095984503e4be2d1.bptc.ctex remapped: res://.godot/imported/t_aged_brass_orm.png-3d326ed2e26256e8095984503e4be2d1.bptc.ctex
Completed load for: 'res://art/textures/material_library/t_aged_brass_orm.png' remapped 'res://art/textures/material_library/t_aged_brass_orm.png' at thread -1
Completed load for: 'res://art/materials/m_aged_brass.tres' remapped 'res://art/materials/m_aged_brass.tres' at thread -1
Loading resource: res://art/materials/m_dark_walnut.tres remapped: res://art/materials/m_dark_walnut.tres
Loading resource: res://art/textures/material_library/t_dark_walnut_albedo.png remapped: res://art/textures/material_library/t_dark_walnut_albedo.png
Loading resource: res://.godot/imported/t_dark_walnut_albedo.png-eeb53fd26080333269d26f1244156de6.s3tc.ctex remapped: res://.godot/imported/t_dark_walnut_albedo.png-eeb53fd26080333269d26f1244156de6.s3tc.ctex
Completed load for: 'res://art/textures/material_library/t_dark_walnut_albedo.png' remapped 'res://art/textures/material_library/t_dark_walnut_albedo.png' at thread -1
Loading resource: res://art/textures/material_library/t_dark_walnut_normal.png remapped: res://art/textures/material_library/t_dark_walnut_normal.png
Loading resource: res://.godot/imported/t_dark_walnut_normal.png-0da8c0cbc718834a50d80f1e10dd6f67.s3tc.ctex remapped: res://.godot/imported/t_dark_walnut_normal.png-0da8c0cbc718834a50d80f1e10dd6f67.s3tc.ctex
Completed load for: 'res://art/textures/material_library/t_dark_walnut_normal.png' remapped 'res://art/textures/material_library/t_dark_walnut_normal.png' at thread -1
Loading resource: res://art/textures/material_library/t_dark_walnut_orm.png remapped: res://art/textures/material_library/t_dark_walnut_orm.png
Loading resource: res://.godot/imported/t_dark_walnut_orm.png-80714522fb65226a649b9a39ea999577.s3tc.ctex remapped: res://.godot/imported/t_dark_walnut_orm.png-80714522fb65226a649b9a39ea999577.s3tc.ctex
Completed load for: 'res://art/textures/material_library/t_dark_walnut_orm.png' remapped 'res://art/textures/material_library/t_dark_walnut_orm.png' at thread -1
Completed load for: 'res://art/materials/m_dark_walnut.tres' remapped 'res://art/materials/m_dark_walnut.tres' at thread -1
Loading resource: res://art/materials/m_dark_iron.tres remapped: res://art/materials/m_dark_iron.tres
Loading resource: res://art/textures/material_library/t_dark_iron_albedo.png remapped: res://art/textures/material_library/t_dark_iron_albedo.png
Loading resource: res://.godot/imported/t_dark_iron_albedo.png-66c578930998aa52cde4476e849cd53e.bptc.ctex remapped: res://.godot/imported/t_dark_iron_albedo.png-66c578930998aa52cde4476e849cd53e.bptc.ctex
Completed load for: 'res://art/textures/material_library/t_dark_iron_albedo.png' remapped 'res://art/textures/material_library/t_dark_iron_albedo.png' at thread -1
Loading resource: res://art/textures/material_library/t_dark_iron_normal.png remapped: res://art/textures/material_library/t_dark_iron_normal.png
Loading resource: res://.godot/imported/t_dark_iron_normal.png-b114b4c4e436e88cf9c30b356a3fdc97.s3tc.ctex remapped: res://.godot/imported/t_dark_iron_normal.png-b114b4c4e436e88cf9c30b356a3fdc97.s3tc.ctex
Completed load for: 'res://art/textures/material_library/t_dark_iron_normal.png' remapped 'res://art/textures/material_library/t_dark_iron_normal.png' at thread -1
Loading resource: res://art/textures/material_library/t_dark_iron_orm.png remapped: res://art/textures/material_library/t_dark_iron_orm.png
Loading resource: res://.godot/imported/t_dark_iron_orm.png-26d916cff2f6d9ab53816438c312c0a3.bptc.ctex remapped: res://.godot/imported/t_dark_iron_orm.png-26d916cff2f6d9ab53816438c312c0a3.bptc.ctex
Completed load for: 'res://art/textures/material_library/t_dark_iron_orm.png' remapped 'res://art/textures/material_library/t_dark_iron_orm.png' at thread -1
Completed load for: 'res://art/materials/m_dark_iron.tres' remapped 'res://art/materials/m_dark_iron.tres' at thread -1
[   1% ] [90m[1mimport[22m | Running Custom Script...[39m[0m
[  99% ] [90m[1mimport[22m | Saving...[39m[0m
Saving scene to: res://.godot/imported/sm_wing01_ring_outer.glb-48b821eae3ebe3951634ee8da3376191.scn
[92m[ DONE ][39m [1mimport[22m
[0m
EditorFileSystem: "res://art/meshes/wing01/sm_wing01_ring_outer.glb" import took 17 ms.
[  48% ] [90m[1mreimport[22m | sm_s00_lock_bolt.glb[39m[0m
EditorFileSystem: Importing file: res://art/meshes/archive_kit/sm_s00_lock_bolt.glb
[   0% ] [90m[1mimport[22m | Started Import Scene (104 steps)[39m[0m
[   0% ] [90m[1mimport[22m | Importing Scene...[39m[0m
glTF: Total buffers: 1
glTF: Total buffer views: 10
glTF: Total accessors: 10
Total materials: 2
glTF: Parsing mesh: 0
WARNING: glTF import: Buffer view byte stride should be declared for vertex attributes. Assuming packed data and reading anyway.
WARNING: glTF import: Buffer view byte stride should be declared for vertex attributes. Assuming packed data and reading anyway.
WARNING: glTF import: Buffer view byte stride should be declared for vertex attributes. Assuming packed data and reading anyway.
WARNING: glTF import: Buffer view byte stride should be declared for vertex attributes. Assuming packed data and reading anyway.
WARNING: glTF import: Buffer view byte stride should be declared for vertex attributes. Assuming packed data and reading anyway.
WARNING: glTF import: Buffer view byte stride should be declared for vertex attributes. Assuming packed data and reading anyway.
WARNING: glTF import: Buffer view byte stride should be declared for vertex attributes. Assuming packed data and reading anyway.
WARNING: glTF import: Buffer view byte stride should be declared for vertex attributes. Assuming packed data and reading anyway.
WARNING: glTF import: Buffer view byte stride should be declared for vertex attributes. Assuming packed data and reading anyway.
WARNING: glTF import: Buffer view byte stride should be declared for vertex attributes. Assuming packed data and reading anyway.
glTF: Total meshes: 1
glTF: Creating mesh for: sm_s00_lock_bolt
Loading resource: res://art/materials/m_aged_brass.tres remapped: res://art/materials/m_aged_brass.tres
Loading resource: res://art/textures/material_library/t_aged_brass_albedo.png remapped: res://art/textures/material_library/t_aged_brass_albedo.png
Loading resource: res://.godot/imported/t_aged_brass_albedo.png-abc56163ac1f88b0fdc87aa9855967f6.bptc.ctex remapped: res://.godot/imported/t_aged_brass_albedo.png-abc56163ac1f88b0fdc87aa9855967f6.bptc.ctex
Completed load for: 'res://art/textures/material_library/t_aged_brass_albedo.png' remapped 'res://art/textures/material_library/t_aged_brass_albedo.png' at thread -1
Loading resource: res://art/textures/material_library/t_aged_brass_normal.png remapped: res://art/textures/material_library/t_aged_brass_normal.png
Loading resource: res://.godot/imported/t_aged_brass_normal.png-8e39d8996b346af431d3dca26c806cc9.s3tc.ctex remapped: res://.godot/imported/t_aged_brass_normal.png-8e39d8996b346af431d3dca26c806cc9.s3tc.ctex
Completed load for: 'res://art/textures/material_library/t_aged_brass_normal.png' remapped 'res://art/textures/material_library/t_aged_brass_normal.png' at thread -1
Loading resource: res://art/textures/material_library/t_aged_brass_orm.png remapped: res://art/textures/material_library/t_aged_brass_orm.png
Loading resource: res://.godot/imported/t_aged_brass_orm.png-3d326ed2e26256e8095984503e4be2d1.bptc.ctex remapped: res://.godot/imported/t_aged_brass_orm.png-3d326ed2e26256e8095984503e4be2d1.bptc.ctex
Completed load for: 'res://art/textures/material_library/t_aged_brass_orm.png' remapped 'res://art/textures/material_library/t_aged_brass_orm.png' at thread -1
Completed load for: 'res://art/materials/m_aged_brass.tres' remapped 'res://art/materials/m_aged_brass.tres' at thread -1
Loading resource: res://art/materials/m_dark_iron.tres remapped: res://art/materials/m_dark_iron.tres
Loading resource: res://art/textures/material_library/t_dark_iron_albedo.png remapped: res://art/textures/material_library/t_dark_iron_albedo.png
Loading resource: res://.godot/imported/t_dark_iron_albedo.png-66c578930998aa52cde4476e849cd53e.bptc.ctex remapped: res://.godot/imported/t_dark_iron_albedo.png-66c578930998aa52cde4476e849cd53e.bptc.ctex
Completed load for: 'res://art/textures/material_library/t_dark_iron_albedo.png' remapped 'res://art/textures/material_library/t_dark_iron_albedo.png' at thread -1
Loading resource: res://art/textures/material_library/t_dark_iron_normal.png remapped: res://art/textures/material_library/t_dark_iron_normal.png
Loading resource: res://.godot/imported/t_dark_iron_normal.png-b114b4c4e436e88cf9c30b356a3fdc97.s3tc.ctex remapped: res://.godot/imported/t_dark_iron_normal.png-b114b4c4e436e88cf9c30b356a3fdc97.s3tc.ctex
Completed load for: 'res://art/textures/material_library/t_dark_iron_normal.png' remapped 'res://art/textures/material_library/t_dark_iron_normal.png' at thread -1
Loading resource: res://art/textures/material_library/t_dark_iron_orm.png remapped: res://art/textures/material_library/t_dark_iron_orm.png
Loading resource: res://.godot/imported/t_dark_iron_orm.png-26d916cff2f6d9ab53816438c312c0a3.bptc.ctex remapped: res://.godot/imported/t_dark_iron_orm.png-26d916cff2f6d9ab53816438c312c0a3.bptc.ctex
Completed load for: 'res://art/textures/material_library/t_dark_iron_orm.png' remapped 'res://art/textures/material_library/t_dark_iron_orm.png' at thread -1
Completed load for: 'res://art/materials/m_dark_iron.tres' remapped 'res://art/materials/m_dark_iron.tres' at thread -1
[   1% ] [90m[1mimport[22m | Running Custom Script...[39m[0m
[  99% ] [90m[1mimport[22m | Saving...[39m[0m
Saving scene to: res://.godot/imported/sm_s00_lock_bolt.glb-179eb2cf370d84820886b4c1389d25f0.scn
[92m[ DONE ][39m [1mimport[22m
[0m
EditorFileSystem: "res://art/meshes/archive_kit/sm_s00_lock_bolt.glb" import took 11 ms.
[  50% ] [90m[1mreimport[22m | sm_s00_entry_facade.glb[39m[0m
EditorFileSystem: Importing file: res://art/meshes/archive_kit/sm_s00_entry_facade.glb
[   0% ] [90m[1mimport[22m | Started Import Scene (104 steps)[39m[0m
[   0% ] [90m[1mimport[22m | Importing Scene...[39m[0m
glTF: Total buffers: 1
glTF: Total buffer views: 20
glTF: Total accessors: 20
Total materials: 5
glTF: Parsing mesh: 0
WARNING: glTF import: Buffer view byte stride should be declared for vertex attributes. Assuming packed data and reading anyway.
WARNING: glTF import: Buffer view byte stride should be declared for vertex attributes. Assuming packed data and reading anyway.
WARNING: glTF import: Buffer view byte stride should be declared for vertex attributes. Assuming packed data and reading anyway.
WARNING: glTF import: Buffer view byte stride should be declared for vertex attributes. Assuming packed data and reading anyway.
WARNING: glTF import: Buffer view byte stride should be declared for vertex attributes. Assuming packed data and reading anyway.
WARNING: glTF import: Buffer view byte stride should be declared for vertex attributes. Assuming packed data and reading anyway.
WARNING: glTF import: Buffer view byte stride should be declared for vertex attributes. Assuming packed data and reading anyway.
WARNING: glTF import: Buffer view byte stride should be declared for vertex attributes. Assuming packed data and reading anyway.
WARNING: glTF import: Buffer view byte stride should be declared for vertex attributes. Assuming packed data and reading anyway.
WARNING: glTF import: Buffer view byte stride should be declared for vertex attributes. Assuming packed data and reading anyway.
WARNING: glTF import: Buffer view byte stride should be declared for vertex attributes. Assuming packed data and reading anyway.
WARNING: glTF import: Buffer view byte stride should be declared for vertex attributes. Assuming packed data and reading anyway.
WARNING: glTF import: Buffer view byte stride should be declared for vertex attributes. Assuming packed data and reading anyway.
WARNING: glTF import: Buffer view byte stride should be declared for vertex attributes. Assuming packed data and reading anyway.
WARNING: glTF import: Buffer view byte stride should be declared for vertex attributes. Assuming packed data and reading anyway.
WARNING: glTF import: Buffer view byte stride should be declared for vertex attributes. Assuming packed data and reading anyway.
WARNING: glTF import: Buffer view byte stride should be declared for vertex attributes. Assuming packed data and reading anyway.
WARNING: glTF import: Buffer view byte stride should be declared for vertex attributes. Assuming packed data and reading anyway.
WARNING: glTF import: Buffer view byte stride should be declared for vertex attributes. Assuming packed data and reading anyway.
WARNING: glTF import: Buffer view byte stride should be declared for vertex attributes. Assuming packed data and reading anyway.
glTF: Total meshes: 1
glTF: Creating mesh for: sm_s00_entry_facade
Loading resource: res://art/materials/m_observatory_stone.tres remapped: res://art/materials/m_observatory_stone.tres
Loading resource: res://art/textures/material_library/t_observatory_stone_albedo.png remapped: res://art/textures/material_library/t_observatory_stone_albedo.png
Loading resource: res://.godot/imported/t_observatory_stone_albedo.png-43349643c0875f5ace3ffdb2d210c57f.s3tc.ctex remapped: res://.godot/imported/t_observatory_stone_albedo.png-43349643c0875f5ace3ffdb2d210c57f.s3tc.ctex
Completed load for: 'res://art/textures/material_library/t_observatory_stone_albedo.png' remapped 'res://art/textures/material_library/t_observatory_stone_albedo.png' at thread -1
Loading resource: res://art/textures/material_library/t_observatory_stone_normal.png remapped: res://art/textures/material_library/t_observatory_stone_normal.png
Loading resource: res://.godot/imported/t_observatory_stone_normal.png-47e0f6bff75f2896b77ed27a272dde2f.s3tc.ctex remapped: res://.godot/imported/t_observatory_stone_normal.png-47e0f6bff75f2896b77ed27a272dde2f.s3tc.ctex
Completed load for: 'res://art/textures/material_library/t_observatory_stone_normal.png' remapped 'res://art/textures/material_library/t_observatory_stone_normal.png' at thread -1
Loading resource: res://art/textures/material_library/t_observatory_stone_orm.png remapped: res://art/textures/material_library/t_observatory_stone_orm.png
Loading resource: res://.godot/imported/t_observatory_stone_orm.png-4da19abca2400c1ea60157ddc8b2fe43.s3tc.ctex remapped: res://.godot/imported/t_observatory_stone_orm.png-4da19abca2400c1ea60157ddc8b2fe43.s3tc.ctex
Completed load for: 'res://art/textures/material_library/t_observatory_stone_orm.png' remapped 'res://art/textures/material_library/t_observatory_stone_orm.png' at thread -1
Completed load for: 'res://art/materials/m_observatory_stone.tres' remapped 'res://art/materials/m_observatory_stone.tres' at thread -1
Loading resource: res://art/materials/m_dark_walnut.tres remapped: res://art/materials/m_dark_walnut.tres
Loading resource: res://art/textures/material_library/t_dark_walnut_albedo.png remapped: res://art/textures/material_library/t_dark_walnut_albedo.png
Loading resource: res://.godot/imported/t_dark_walnut_albedo.png-eeb53fd26080333269d26f1244156de6.s3tc.ctex remapped: res://.godot/imported/t_dark_walnut_albedo.png-eeb53fd26080333269d26f1244156de6.s3tc.ctex
Completed load for: 'res://art/textures/material_library/t_dark_walnut_albedo.png' remapped 'res://art/textures/material_library/t_dark_walnut_albedo.png' at thread -1
Loading resource: res://art/textures/material_library/t_dark_walnut_normal.png remapped: res://art/textures/material_library/t_dark_walnut_normal.png
Loading resource: res://.godot/imported/t_dark_walnut_normal.png-0da8c0cbc718834a50d80f1e10dd6f67.s3tc.ctex remapped: res://.godot/imported/t_dark_walnut_normal.png-0da8c0cbc718834a50d80f1e10dd6f67.s3tc.ctex
Completed load for: 'res://art/textures/material_library/t_dark_walnut_normal.png' remapped 'res://art/textures/material_library/t_dark_walnut_normal.png' at thread -1
Loading resource: res://art/textures/material_library/t_dark_walnut_orm.png remapped: res://art/textures/material_library/t_dark_walnut_orm.png
Loading resource: res://.godot/imported/t_dark_walnut_orm.png-80714522fb65226a649b9a39ea999577.s3tc.ctex remapped: res://.godot/imported/t_dark_walnut_orm.png-80714522fb65226a649b9a39ea999577.s3tc.ctex
Completed load for: 'res://art/textures/material_library/t_dark_walnut_orm.png' remapped 'res://art/textures/material_library/t_dark_walnut_orm.png' at thread -1
Completed load for: 'res://art/materials/m_dark_walnut.tres' remapped 'res://art/materials/m_dark_walnut.tres' at thread -1
Loading resource: res://art/materials/m_dark_iron.tres remapped: res://art/materials/m_dark_iron.tres
Loading resource: res://art/textures/material_library/t_dark_iron_albedo.png remapped: res://art/textures/material_library/t_dark_iron_albedo.png
Loading resource: res://.godot/imported/t_dark_iron_albedo.png-66c578930998aa52cde4476e849cd53e.bptc.ctex remapped: res://.godot/imported/t_dark_iron_albedo.png-66c578930998aa52cde4476e849cd53e.bptc.ctex
Completed load for: 'res://art/textures/material_library/t_dark_iron_albedo.png' remapped 'res://art/textures/material_library/t_dark_iron_albedo.png' at thread -1
Loading resource: res://art/textures/material_library/t_dark_iron_normal.png remapped: res://art/textures/material_library/t_dark_iron_normal.png
Loading resource: res://.godot/imported/t_dark_iron_normal.png-b114b4c4e436e88cf9c30b356a3fdc97.s3tc.ctex remapped: res://.godot/imported/t_dark_iron_normal.png-b114b4c4e436e88cf9c30b356a3fdc97.s3tc.ctex
Completed load for: 'res://art/textures/material_library/t_dark_iron_normal.png' remapped 'res://art/textures/material_library/t_dark_iron_normal.png' at thread -1
Loading resource: res://art/textures/material_library/t_dark_iron_orm.png remapped: res://art/textures/material_library/t_dark_iron_orm.png
Loading resource: res://.godot/imported/t_dark_iron_orm.png-26d916cff2f6d9ab53816438c312c0a3.bptc.ctex remapped: res://.godot/imported/t_dark_iron_orm.png-26d916cff2f6d9ab53816438c312c0a3.bptc.ctex
Completed load for: 'res://art/textures/material_library/t_dark_iron_orm.png' remapped 'res://art/textures/material_library/t_dark_iron_orm.png' at thread -1
Completed load for: 'res://art/materials/m_dark_iron.tres' remapped 'res://art/materials/m_dark_iron.tres' at thread -1
Loading resource: res://art/materials/m_aged_brass.tres remapped: res://art/materials/m_aged_brass.tres
Loading resource: res://art/textures/material_library/t_aged_brass_albedo.png remapped: res://art/textures/material_library/t_aged_brass_albedo.png
Loading resource: res://.godot/imported/t_aged_brass_albedo.png-abc56163ac1f88b0fdc87aa9855967f6.bptc.ctex remapped: res://.godot/imported/t_aged_brass_albedo.png-abc56163ac1f88b0fdc87aa9855967f6.bptc.ctex
Completed load for: 'res://art/textures/material_library/t_aged_brass_albedo.png' remapped 'res://art/textures/material_library/t_aged_brass_albedo.png' at thread -1
Loading resource: res://art/textures/material_library/t_aged_brass_normal.png remapped: res://art/textures/material_library/t_aged_brass_normal.png
Loading resource: res://.godot/imported/t_aged_brass_normal.png-8e39d8996b346af431d3dca26c806cc9.s3tc.ctex remapped: res://.godot/imported/t_aged_brass_normal.png-8e39d8996b346af431d3dca26c806cc9.s3tc.ctex
Completed load for: 'res://art/textures/material_library/t_aged_brass_normal.png' remapped 'res://art/textures/material_library/t_aged_brass_normal.png' at thread -1
Loading resource: res://art/textures/material_library/t_aged_brass_orm.png remapped: res://art/textures/material_library/t_aged_brass_orm.png
Loading resource: res://.godot/imported/t_aged_brass_orm.png-3d326ed2e26256e8095984503e4be2d1.bptc.ctex remapped: res://.godot/imported/t_aged_brass_orm.png-3d326ed2e26256e8095984503e4be2d1.bptc.ctex
Completed load for: 'res://art/textures/material_library/t_aged_brass_orm.png' remapped 'res://art/textures/material_library/t_aged_brass_orm.png' at thread -1
Completed load for: 'res://art/materials/m_aged_brass.tres' remapped 'res://art/materials/m_aged_brass.tres' at thread -1
Loading resource: res://art/materials/m_crimson_textile.tres remapped: res://art/materials/m_crimson_textile.tres
Loading resource: res://art/textures/material_library/t_woven_textile_albedo.png remapped: res://art/textures/material_library/t_woven_textile_albedo.png
Loading resource: res://.godot/imported/t_woven_textile_albedo.png-9e29b4e83b199f138d1df37fac0d7268.s3tc.ctex remapped: res://.godot/imported/t_woven_textile_albedo.png-9e29b4e83b199f138d1df37fac0d7268.s3tc.ctex
Completed load for: 'res://art/textures/material_library/t_woven_textile_albedo.png' remapped 'res://art/textures/material_library/t_woven_textile_albedo.png' at thread -1
Loading resource: res://art/textures/material_library/t_woven_textile_normal.png remapped: res://art/textures/material_library/t_woven_textile_normal.png
Loading resource: res://.godot/imported/t_woven_textile_normal.png-3c03783a156691d57565b008a8be7444.s3tc.ctex remapped: res://.godot/imported/t_woven_textile_normal.png-3c03783a156691d57565b008a8be7444.s3tc.ctex
Completed load for: 'res://art/textures/material_library/t_woven_textile_normal.png' remapped 'res://art/textures/material_library/t_woven_textile_normal.png' at thread -1
Loading resource: res://art/textures/material_library/t_woven_textile_orm.png remapped: res://art/textures/material_library/t_woven_textile_orm.png
Loading resource: res://.godot/imported/t_woven_textile_orm.png-0973fdd338724e02d2a305aa9ff5826a.s3tc.ctex remapped: res://.godot/imported/t_woven_textile_orm.png-0973fdd338724e02d2a305aa9ff5826a.s3tc.ctex
Completed load for: 'res://art/textures/material_library/t_woven_textile_orm.png' remapped 'res://art/textures/material_library/t_woven_textile_orm.png' at thread -1
Completed load for: 'res://art/materials/m_crimson_textile.tres' remapped 'res://art/materials/m_crimson_textile.tres' at thread -1
[   1% ] [90m[1mimport[22m | Running Custom Script...[39m[0m
[  99% ] [90m[1mimport[22m | Saving...[39m[0m
Saving scene to: res://.godot/imported/sm_s00_entry_facade.glb-5cb9001d73f62bdb5cb73d6d02152618.scn
[92m[ DONE ][39m [1mimport[22m
[0m
EditorFileSystem: "res://art/meshes/archive_kit/sm_s00_entry_facade.glb" import took 31 ms.
[  51% ] [90m[1mreimport[22m | sm_s00_entry_arch.glb[39m[0m
EditorFileSystem: Importing file: res://art/meshes/archive_kit/sm_s00_entry_arch.glb
[   0% ] [90m[1mimport[22m | Started Import Scene (104 steps)[39m[0m
[   0% ] [90m[1mimport[22m | Importing Scene...[39m[0m
glTF: Total buffers: 1
glTF: Total buffer views: 12
glTF: Total accessors: 12
Total materials: 3
glTF: Parsing mesh: 0
WARNING: glTF import: Buffer view byte stride should be declared for vertex attributes. Assuming packed data and reading anyway.
WARNING: glTF import: Buffer view byte stride should be declared for vertex attributes. Assuming packed data and reading anyway.
WARNING: glTF import: Buffer view byte stride should be declared for vertex attributes. Assuming packed data and reading anyway.
WARNING: glTF import: Buffer view byte stride should be declared for vertex attributes. Assuming packed data and reading anyway.
WARNING: glTF import: Buffer view byte stride should be declared for vertex attributes. Assuming packed data and reading anyway.
WARNING: glTF import: Buffer view byte stride should be declared for vertex attributes. Assuming packed data and reading anyway.
WARNING: glTF import: Buffer view byte stride should be declared for vertex attributes. Assuming packed data and reading anyway.
WARNING: glTF import: Buffer view byte stride should be declared for vertex attributes. Assuming packed data and reading anyway.
WARNING: glTF import: Buffer view byte stride should be declared for vertex attributes. Assuming packed data and reading anyway.
WARNING: glTF import: Buffer view byte stride should be declared for vertex attributes. Assuming packed data and reading anyway.
WARNING: glTF import: Buffer view byte stride should be declared for vertex attributes. Assuming packed data and reading anyway.
WARNING: glTF import: Buffer view byte stride should be declared for vertex attributes. Assuming packed data and reading anyway.
glTF: Total meshes: 1
glTF: Creating mesh for: sm_s00_entry_arch
Loading resource: res://art/materials/m_observatory_stone.tres remapped: res://art/materials/m_observatory_stone.tres
Loading resource: res://art/textures/material_library/t_observatory_stone_albedo.png remapped: res://art/textures/material_library/t_observatory_stone_albedo.png
Loading resource: res://.godot/imported/t_observatory_stone_albedo.png-43349643c0875f5ace3ffdb2d210c57f.s3tc.ctex remapped: res://.godot/imported/t_observatory_stone_albedo.png-43349643c0875f5ace3ffdb2d210c57f.s3tc.ctex
Completed load for: 'res://art/textures/material_library/t_observatory_stone_albedo.png' remapped 'res://art/textures/material_library/t_observatory_stone_albedo.png' at thread -1
Loading resource: res://art/textures/material_library/t_observatory_stone_normal.png remapped: res://art/textures/material_library/t_observatory_stone_normal.png
Loading resource: res://.godot/imported/t_observatory_stone_normal.png-47e0f6bff75f2896b77ed27a272dde2f.s3tc.ctex remapped: res://.godot/imported/t_observatory_stone_normal.png-47e0f6bff75f2896b77ed27a272dde2f.s3tc.ctex
Completed load for: 'res://art/textures/material_library/t_observatory_stone_normal.png' remapped 'res://art/textures/material_library/t_observatory_stone_normal.png' at thread -1
Loading resource: res://art/textures/material_library/t_observatory_stone_orm.png remapped: res://art/textures/material_library/t_observatory_stone_orm.png
Loading resource: res://.godot/imported/t_observatory_stone_orm.png-4da19abca2400c1ea60157ddc8b2fe43.s3tc.ctex remapped: res://.godot/imported/t_observatory_stone_orm.png-4da19abca2400c1ea60157ddc8b2fe43.s3tc.ctex
Completed load for: 'res://art/textures/material_library/t_observatory_stone_orm.png' remapped 'res://art/textures/material_library/t_observatory_stone_orm.png' at thread -1
Completed load for: 'res://art/materials/m_observatory_stone.tres' remapped 'res://art/materials/m_observatory_stone.tres' at thread -1
Loading resource: res://art/materials/m_dark_iron.tres remapped: res://art/materials/m_dark_iron.tres
Loading resource: res://art/textures/material_library/t_dark_iron_albedo.png remapped: res://art/textures/material_library/t_dark_iron_albedo.png
Loading resource: res://.godot/imported/t_dark_iron_albedo.png-66c578930998aa52cde4476e849cd53e.bptc.ctex remapped: res://.godot/imported/t_dark_iron_albedo.png-66c578930998aa52cde4476e849cd53e.bptc.ctex
Completed load for: 'res://art/textures/material_library/t_dark_iron_albedo.png' remapped 'res://art/textures/material_library/t_dark_iron_albedo.png' at thread -1
Loading resource: res://art/textures/material_library/t_dark_iron_normal.png remapped: res://art/textures/material_library/t_dark_iron_normal.png
Loading resource: res://.godot/imported/t_dark_iron_normal.png-b114b4c4e436e88cf9c30b356a3fdc97.s3tc.ctex remapped: res://.godot/imported/t_dark_iron_normal.png-b114b4c4e436e88cf9c30b356a3fdc97.s3tc.ctex
Completed load for: 'res://art/textures/material_library/t_dark_iron_normal.png' remapped 'res://art/textures/material_library/t_dark_iron_normal.png' at thread -1
Loading resource: res://art/textures/material_library/t_dark_iron_orm.png remapped: res://art/textures/material_library/t_dark_iron_orm.png
Loading resource: res://.godot/imported/t_dark_iron_orm.png-26d916cff2f6d9ab53816438c312c0a3.bptc.ctex remapped: res://.godot/imported/t_dark_iron_orm.png-26d916cff2f6d9ab53816438c312c0a3.bptc.ctex
Completed load for: 'res://art/textures/material_library/t_dark_iron_orm.png' remapped 'res://art/textures/material_library/t_dark_iron_orm.png' at thread -1
Completed load for: 'res://art/materials/m_dark_iron.tres' remapped 'res://art/materials/m_dark_iron.tres' at thread -1
Loading resource: res://art/materials/m_aged_brass.tres remapped: res://art/materials/m_aged_brass.tres
Loading resource: res://art/textures/material_library/t_aged_brass_albedo.png remapped: res://art/textures/material_library/t_aged_brass_albedo.png
Loading resource: res://.godot/imported/t_aged_brass_albedo.png-abc56163ac1f88b0fdc87aa9855967f6.bptc.ctex remapped: res://.godot/imported/t_aged_brass_albedo.png-abc56163ac1f88b0fdc87aa9855967f6.bptc.ctex
Completed load for: 'res://art/textures/material_library/t_aged_brass_albedo.png' remapped 'res://art/textures/material_library/t_aged_brass_albedo.png' at thread -1
Loading resource: res://art/textures/material_library/t_aged_brass_normal.png remapped: res://art/textures/material_library/t_aged_brass_normal.png
Loading resource: res://.godot/imported/t_aged_brass_normal.png-8e39d8996b346af431d3dca26c806cc9.s3tc.ctex remapped: res://.godot/imported/t_aged_brass_normal.png-8e39d8996b346af431d3dca26c806cc9.s3tc.ctex
Completed load for: 'res://art/textures/material_library/t_aged_brass_normal.png' remapped 'res://art/textures/material_library/t_aged_brass_normal.png' at thread -1
Loading resource: res://art/textures/material_library/t_aged_brass_orm.png remapped: res://art/textures/material_library/t_aged_brass_orm.png
Loading resource: res://.godot/imported/t_aged_brass_orm.png-3d326ed2e26256e8095984503e4be2d1.bptc.ctex remapped: res://.godot/imported/t_aged_brass_orm.png-3d326ed2e26256e8095984503e4be2d1.bptc.ctex
Completed load for: 'res://art/textures/material_library/t_aged_brass_orm.png' remapped 'res://art/textures/material_library/t_aged_brass_orm.png' at thread -1
Completed load for: 'res://art/materials/m_aged_brass.tres' remapped 'res://art/materials/m_aged_brass.tres' at thread -1
[   1% ] [90m[1mimport[22m | Running Custom Script...[39m[0m
[  99% ] [90m[1mimport[22m | Saving...[39m[0m
Saving scene to: res://.godot/imported/sm_s00_entry_arch.glb-6374517dfbb7795b489db02458b5e662.scn
[92m[ DONE ][39m [1mimport[22m
[0m
EditorFileSystem: "res://art/meshes/archive_kit/sm_s00_entry_arch.glb" import took 16 ms.
[  52% ] [90m[1mreimport[22m | sm_s00_entrance_leaf.glb[39m[0m
EditorFileSystem: Importing file: res://art/meshes/archive_kit/sm_s00_entrance_leaf.glb
[   0% ] [90m[1mimport[22m | Started Import Scene (104 steps)[39m[0m
[   0% ] [90m[1mimport[22m | Importing Scene...[39m[0m
glTF: Total buffers: 1
glTF: Total buffer views: 15
glTF: Total accessors: 15
Total materials: 3
glTF: Parsing mesh: 0
WARNING: glTF import: Buffer view byte stride should be declared for vertex attributes. Assuming packed data and reading anyway.
WARNING: glTF import: Buffer view byte stride should be declared for vertex attributes. Assuming packed data and reading anyway.
WARNING: glTF import: Buffer view byte stride should be declared for vertex attributes. Assuming packed data and reading anyway.
WARNING: glTF import: Buffer view byte stride should be declared for vertex attributes. Assuming packed data and reading anyway.
WARNING: glTF import: Buffer view byte stride should be declared for vertex attributes. Assuming packed data and reading anyway.
WARNING: glTF import: Buffer view byte stride should be declared for vertex attributes. Assuming packed data and reading anyway.
WARNING: glTF import: Buffer view byte stride should be declared for vertex attributes. Assuming packed data and reading anyway.
WARNING: glTF import: Buffer view byte stride should be declared for vertex attributes. Assuming packed data and reading anyway.
WARNING: glTF import: Buffer view byte stride should be declared for vertex attributes. Assuming packed data and reading anyway.
WARNING: glTF import: Buffer view byte stride should be declared for vertex attributes. Assuming packed data and reading anyway.
WARNING: glTF import: Buffer view byte stride should be declared for vertex attributes. Assuming packed data and reading anyway.
WARNING: glTF import: Buffer view byte stride should be declared for vertex attributes. Assuming packed data and reading anyway.
WARNING: glTF import: Buffer view byte stride should be declared for vertex attributes. Assuming packed data and reading anyway.
WARNING: glTF import: Buffer view byte stride should be declared for vertex attributes. Assuming packed data and reading anyway.
WARNING: glTF import: Buffer view byte stride should be declared for vertex attributes. Assuming packed data and reading anyway.
glTF: Total meshes: 1
glTF: Creating mesh for: sm_s00_entrance_leaf
Loading resource: res://art/materials/m_dark_walnut.tres remapped: res://art/materials/m_dark_walnut.tres
Loading resource: res://art/textures/material_library/t_dark_walnut_albedo.png remapped: res://art/textures/material_library/t_dark_walnut_albedo.png
Loading resource: res://.godot/imported/t_dark_walnut_albedo.png-eeb53fd26080333269d26f1244156de6.s3tc.ctex remapped: res://.godot/imported/t_dark_walnut_albedo.png-eeb53fd26080333269d26f1244156de6.s3tc.ctex
Completed load for: 'res://art/textures/material_library/t_dark_walnut_albedo.png' remapped 'res://art/textures/material_library/t_dark_walnut_albedo.png' at thread -1
Loading resource: res://art/textures/material_library/t_dark_walnut_normal.png remapped: res://art/textures/material_library/t_dark_walnut_normal.png
Loading resource: res://.godot/imported/t_dark_walnut_normal.png-0da8c0cbc718834a50d80f1e10dd6f67.s3tc.ctex remapped: res://.godot/imported/t_dark_walnut_normal.png-0da8c0cbc718834a50d80f1e10dd6f67.s3tc.ctex
Completed load for: 'res://art/textures/material_library/t_dark_walnut_normal.png' remapped 'res://art/textures/material_library/t_dark_walnut_normal.png' at thread -1
Loading resource: res://art/textures/material_library/t_dark_walnut_orm.png remapped: res://art/textures/material_library/t_dark_walnut_orm.png
Loading resource: res://.godot/imported/t_dark_walnut_orm.png-80714522fb65226a649b9a39ea999577.s3tc.ctex remapped: res://.godot/imported/t_dark_walnut_orm.png-80714522fb65226a649b9a39ea999577.s3tc.ctex
Completed load for: 'res://art/textures/material_library/t_dark_walnut_orm.png' remapped 'res://art/textures/material_library/t_dark_walnut_orm.png' at thread -1
Completed load for: 'res://art/materials/m_dark_walnut.tres' remapped 'res://art/materials/m_dark_walnut.tres' at thread -1
Loading resource: res://art/materials/m_dark_iron.tres remapped: res://art/materials/m_dark_iron.tres
Loading resource: res://art/textures/material_library/t_dark_iron_albedo.png remapped: res://art/textures/material_library/t_dark_iron_albedo.png
Loading resource: res://.godot/imported/t_dark_iron_albedo.png-66c578930998aa52cde4476e849cd53e.bptc.ctex remapped: res://.godot/imported/t_dark_iron_albedo.png-66c578930998aa52cde4476e849cd53e.bptc.ctex
Completed load for: 'res://art/textures/material_library/t_dark_iron_albedo.png' remapped 'res://art/textures/material_library/t_dark_iron_albedo.png' at thread -1
Loading resource: res://art/textures/material_library/t_dark_iron_normal.png remapped: res://art/textures/material_library/t_dark_iron_normal.png
Loading resource: res://.godot/imported/t_dark_iron_normal.png-b114b4c4e436e88cf9c30b356a3fdc97.s3tc.ctex remapped: res://.godot/imported/t_dark_iron_normal.png-b114b4c4e436e88cf9c30b356a3fdc97.s3tc.ctex
Completed load for: 'res://art/textures/material_library/t_dark_iron_normal.png' remapped 'res://art/textures/material_library/t_dark_iron_normal.png' at thread -1
Loading resource: res://art/textures/material_library/t_dark_iron_orm.png remapped: res://art/textures/material_library/t_dark_iron_orm.png
Loading resource: res://.godot/imported/t_dark_iron_orm.png-26d916cff2f6d9ab53816438c312c0a3.bptc.ctex remapped: res://.godot/imported/t_dark_iron_orm.png-26d916cff2f6d9ab53816438c312c0a3.bptc.ctex
Completed load for: 'res://art/textures/material_library/t_dark_iron_orm.png' remapped 'res://art/textures/material_library/t_dark_iron_orm.png' at thread -1
Completed load for: 'res://art/materials/m_dark_iron.tres' remapped 'res://art/materials/m_dark_iron.tres' at thread -1
Loading resource: res://art/materials/m_aged_brass.tres remapped: res://art/materials/m_aged_brass.tres
Loading resource: res://art/textures/material_library/t_aged_brass_albedo.png remapped: res://art/textures/material_library/t_aged_brass_albedo.png
Loading resource: res://.godot/imported/t_aged_brass_albedo.png-abc56163ac1f88b0fdc87aa9855967f6.bptc.ctex remapped: res://.godot/imported/t_aged_brass_albedo.png-abc56163ac1f88b0fdc87aa9855967f6.bptc.ctex
Completed load for: 'res://art/textures/material_library/t_aged_brass_albedo.png' remapped 'res://art/textures/material_library/t_aged_brass_albedo.png' at thread -1
Loading resource: res://art/textures/material_library/t_aged_brass_normal.png remapped: res://art/textures/material_library/t_aged_brass_normal.png
Loading resource: res://.godot/imported/t_aged_brass_normal.png-8e39d8996b346af431d3dca26c806cc9.s3tc.ctex remapped: res://.godot/imported/t_aged_brass_normal.png-8e39d8996b346af431d3dca26c806cc9.s3tc.ctex
Completed load for: 'res://art/textures/material_library/t_aged_brass_normal.png' remapped 'res://art/textures/material_library/t_aged_brass_normal.png' at thread -1
Loading resource: res://art/textures/material_library/t_aged_brass_orm.png remapped: res://art/textures/material_library/t_aged_brass_orm.png
Loading resource: res://.godot/imported/t_aged_brass_orm.png-3d326ed2e26256e8095984503e4be2d1.bptc.ctex remapped: res://.godot/imported/t_aged_brass_orm.png-3d326ed2e26256e8095984503e4be2d1.bptc.ctex
Completed load for: 'res://art/textures/material_library/t_aged_brass_orm.png' remapped 'res://art/textures/material_library/t_aged_brass_orm.png' at thread -1
Completed load for: 'res://art/materials/m_aged_brass.tres' remapped 'res://art/materials/m_aged_brass.tres' at thread -1
[   1% ] [90m[1mimport[22m | Running Custom Script...[39m[0m
[  99% ] [90m[1mimport[22m | Saving...[39m[0m
Saving scene to: res://.godot/imported/sm_s00_entrance_leaf.glb-c8e2c97cd730a20a1340f722dfa220d9.scn
[92m[ DONE ][39m [1mimport[22m
[0m
EditorFileSystem: "res://art/meshes/archive_kit/sm_s00_entrance_leaf.glb" import took 16 ms.
[  54% ] [90m[1mreimport[22m | sm_s00_approach_path.glb[39m[0m
EditorFileSystem: Importing file: res://art/meshes/archive_kit/sm_s00_approach_path.glb
[   0% ] [90m[1mimport[22m | Started Import Scene (104 steps)[39m[0m
[   0% ] [90m[1mimport[22m | Importing Scene...[39m[0m
glTF: Total buffers: 1
glTF: Total buffer views: 12
glTF: Total accessors: 12
Total materials: 3
glTF: Parsing mesh: 0
WARNING: glTF import: Buffer view byte stride should be declared for vertex attributes. Assuming packed data and reading anyway.
WARNING: glTF import: Buffer view byte stride should be declared for vertex attributes. Assuming packed data and reading anyway.
WARNING: glTF import: Buffer view byte stride should be declared for vertex attributes. Assuming packed data and reading anyway.
WARNING: glTF import: Buffer view byte stride should be declared for vertex attributes. Assuming packed data and reading anyway.
WARNING: glTF import: Buffer view byte stride should be declared for vertex attributes. Assuming packed data and reading anyway.
WARNING: glTF import: Buffer view byte stride should be declared for vertex attributes. Assuming packed data and reading anyway.
WARNING: glTF import: Buffer view byte stride should be declared for vertex attributes. Assuming packed data and reading anyway.
WARNING: glTF import: Buffer view byte stride should be declared for vertex attributes. Assuming packed data and reading anyway.
WARNING: glTF import: Buffer view byte stride should be declared for vertex attributes. Assuming packed data and reading anyway.
WARNING: glTF import: Buffer view byte stride should be declared for vertex attributes. Assuming packed data and reading anyway.
WARNING: glTF import: Buffer view byte stride should be declared for vertex attributes. Assuming packed data and reading anyway.
WARNING: glTF import: Buffer view byte stride should be declared for vertex attributes. Assuming packed data and reading anyway.
glTF: Total meshes: 1
glTF: Creating mesh for: sm_s00_approach_path
Loading resource: res://art/materials/m_observatory_stone.tres remapped: res://art/materials/m_observatory_stone.tres
Loading resource: res://art/textures/material_library/t_observatory_stone_albedo.png remapped: res://art/textures/material_library/t_observatory_stone_albedo.png
Loading resource: res://.godot/imported/t_observatory_stone_albedo.png-43349643c0875f5ace3ffdb2d210c57f.s3tc.ctex remapped: res://.godot/imported/t_observatory_stone_albedo.png-43349643c0875f5ace3ffdb2d210c57f.s3tc.ctex
Completed load for: 'res://art/textures/material_library/t_observatory_stone_albedo.png' remapped 'res://art/textures/material_library/t_observatory_stone_albedo.png' at thread -1
Loading resource: res://art/textures/material_library/t_observatory_stone_normal.png remapped: res://art/textures/material_library/t_observatory_stone_normal.png
Loading resource: res://.godot/imported/t_observatory_stone_normal.png-47e0f6bff75f2896b77ed27a272dde2f.s3tc.ctex remapped: res://.godot/imported/t_observatory_stone_normal.png-47e0f6bff75f2896b77ed27a272dde2f.s3tc.ctex
Completed load for: 'res://art/textures/material_library/t_observatory_stone_normal.png' remapped 'res://art/textures/material_library/t_observatory_stone_normal.png' at thread -1
Loading resource: res://art/textures/material_library/t_observatory_stone_orm.png remapped: res://art/textures/material_library/t_observatory_stone_orm.png
Loading resource: res://.godot/imported/t_observatory_stone_orm.png-4da19abca2400c1ea60157ddc8b2fe43.s3tc.ctex remapped: res://.godot/imported/t_observatory_stone_orm.png-4da19abca2400c1ea60157ddc8b2fe43.s3tc.ctex
Completed load for: 'res://art/textures/material_library/t_observatory_stone_orm.png' remapped 'res://art/textures/material_library/t_observatory_stone_orm.png' at thread -1
Completed load for: 'res://art/materials/m_observatory_stone.tres' remapped 'res://art/materials/m_observatory_stone.tres' at thread -1
Loading resource: res://art/materials/m_dark_iron.tres remapped: res://art/materials/m_dark_iron.tres
Loading resource: res://art/textures/material_library/t_dark_iron_albedo.png remapped: res://art/textures/material_library/t_dark_iron_albedo.png
Loading resource: res://.godot/imported/t_dark_iron_albedo.png-66c578930998aa52cde4476e849cd53e.bptc.ctex remapped: res://.godot/imported/t_dark_iron_albedo.png-66c578930998aa52cde4476e849cd53e.bptc.ctex
Completed load for: 'res://art/textures/material_library/t_dark_iron_albedo.png' remapped 'res://art/textures/material_library/t_dark_iron_albedo.png' at thread -1
Loading resource: res://art/textures/material_library/t_dark_iron_normal.png remapped: res://art/textures/material_library/t_dark_iron_normal.png
Loading resource: res://.godot/imported/t_dark_iron_normal.png-b114b4c4e436e88cf9c30b356a3fdc97.s3tc.ctex remapped: res://.godot/imported/t_dark_iron_normal.png-b114b4c4e436e88cf9c30b356a3fdc97.s3tc.ctex
Completed load for: 'res://art/textures/material_library/t_dark_iron_normal.png' remapped 'res://art/textures/material_library/t_dark_iron_normal.png' at thread -1
Loading resource: res://art/textures/material_library/t_dark_iron_orm.png remapped: res://art/textures/material_library/t_dark_iron_orm.png
Loading resource: res://.godot/imported/t_dark_iron_orm.png-26d916cff2f6d9ab53816438c312c0a3.bptc.ctex remapped: res://.godot/imported/t_dark_iron_orm.png-26d916cff2f6d9ab53816438c312c0a3.bptc.ctex
Completed load for: 'res://art/textures/material_library/t_dark_iron_orm.png' remapped 'res://art/textures/material_library/t_dark_iron_orm.png' at thread -1
Completed load for: 'res://art/materials/m_dark_iron.tres' remapped 'res://art/materials/m_dark_iron.tres' at thread -1
Loading resource: res://art/materials/m_aged_brass.tres remapped: res://art/materials/m_aged_brass.tres
Loading resource: res://art/textures/material_library/t_aged_brass_albedo.png remapped: res://art/textures/material_library/t_aged_brass_albedo.png
Loading resource: res://.godot/imported/t_aged_brass_albedo.png-abc56163ac1f88b0fdc87aa9855967f6.bptc.ctex remapped: res://.godot/imported/t_aged_brass_albedo.png-abc56163ac1f88b0fdc87aa9855967f6.bptc.ctex
Completed load for: 'res://art/textures/material_library/t_aged_brass_albedo.png' remapped 'res://art/textures/material_library/t_aged_brass_albedo.png' at thread -1
Loading resource: res://art/textures/material_library/t_aged_brass_normal.png remapped: res://art/textures/material_library/t_aged_brass_normal.png
Loading resource: res://.godot/imported/t_aged_brass_normal.png-8e39d8996b346af431d3dca26c806cc9.s3tc.ctex remapped: res://.godot/imported/t_aged_brass_normal.png-8e39d8996b346af431d3dca26c806cc9.s3tc.ctex
Completed load for: 'res://art/textures/material_library/t_aged_brass_normal.png' remapped 'res://art/textures/material_library/t_aged_brass_normal.png' at thread -1
Loading resource: res://art/textures/material_library/t_aged_brass_orm.png remapped: res://art/textures/material_library/t_aged_brass_orm.png
Loading resource: res://.godot/imported/t_aged_brass_orm.png-3d326ed2e26256e8095984503e4be2d1.bptc.ctex remapped: res://.godot/imported/t_aged_brass_orm.png-3d326ed2e26256e8095984503e4be2d1.bptc.ctex
Completed load for: 'res://art/textures/material_library/t_aged_brass_orm.png' remapped 'res://art/textures/material_library/t_aged_brass_orm.png' at thread -1
Completed load for: 'res://art/materials/m_aged_brass.tres' remapped 'res://art/materials/m_aged_brass.tres' at thread -1
[   1% ] [90m[1mimport[22m | Running Custom Script...[39m[0m
[  99% ] [90m[1mimport[22m | Saving...[39m[0m
Saving scene to: res://.godot/imported/sm_s00_approach_path.glb-80956990687f005421444fd029907b49.scn
[92m[ DONE ][39m [1mimport[22m
[0m
EditorFileSystem: "res://art/meshes/archive_kit/sm_s00_approach_path.glb" import took 33 ms.
[  55% ] [90m[1mreimport[22m | sm_s00_approach_guard_rear.glb[39m[0m
EditorFileSystem: Importing file: res://art/meshes/archive_kit/sm_s00_approach_guard_rear.glb
[   0% ] [90m[1mimport[22m | Started Import Scene (104 steps)[39m[0m
[   0% ] [90m[1mimport[22m | Importing Scene...[39m[0m
glTF: Total buffers: 1
glTF: Total buffer views: 12
glTF: Total accessors: 12
Total materials: 3
glTF: Parsing mesh: 0
WARNING: glTF import: Buffer view byte stride should be declared for vertex attributes. Assuming packed data and reading anyway.
WARNING: glTF import: Buffer view byte stride should be declared for vertex attributes. Assuming packed data and reading anyway.
WARNING: glTF import: Buffer view byte stride should be declared for vertex attributes. Assuming packed data and reading anyway.
WARNING: glTF import: Buffer view byte stride should be declared for vertex attributes. Assuming packed data and reading anyway.
WARNING: glTF import: Buffer view byte stride should be declared for vertex attributes. Assuming packed data and reading anyway.
WARNING: glTF import: Buffer view byte stride should be declared for vertex attributes. Assuming packed data and reading anyway.
WARNING: glTF import: Buffer view byte stride should be declared for vertex attributes. Assuming packed data and reading anyway.
WARNING: glTF import: Buffer view byte stride should be declared for vertex attributes. Assuming packed data and reading anyway.
WARNING: glTF import: Buffer view byte stride should be declared for vertex attributes. Assuming packed data and reading anyway.
WARNING: glTF import: Buffer view byte stride should be declared for vertex attributes. Assuming packed data and reading anyway.
WARNING: glTF import: Buffer view byte stride should be declared for vertex attributes. Assuming packed data and reading anyway.
WARNING: glTF import: Buffer view byte stride should be declared for vertex attributes. Assuming packed data and reading anyway.
glTF: Total meshes: 1
glTF: Creating mesh for: sm_s00_approach_guard_rear
Loading resource: res://art/materials/m_observatory_stone.tres remapped: res://art/materials/m_observatory_stone.tres
Loading resource: res://art/textures/material_library/t_observatory_stone_albedo.png remapped: res://art/textures/material_library/t_observatory_stone_albedo.png
Loading resource: res://.godot/imported/t_observatory_stone_albedo.png-43349643c0875f5ace3ffdb2d210c57f.s3tc.ctex remapped: res://.godot/imported/t_observatory_stone_albedo.png-43349643c0875f5ace3ffdb2d210c57f.s3tc.ctex
Completed load for: 'res://art/textures/material_library/t_observatory_stone_albedo.png' remapped 'res://art/textures/material_library/t_observatory_stone_albedo.png' at thread -1
Loading resource: res://art/textures/material_library/t_observatory_stone_normal.png remapped: res://art/textures/material_library/t_observatory_stone_normal.png
Loading resource: res://.godot/imported/t_observatory_stone_normal.png-47e0f6bff75f2896b77ed27a272dde2f.s3tc.ctex remapped: res://.godot/imported/t_observatory_stone_normal.png-47e0f6bff75f2896b77ed27a272dde2f.s3tc.ctex
Completed load for: 'res://art/textures/material_library/t_observatory_stone_normal.png' remapped 'res://art/textures/material_library/t_observatory_stone_normal.png' at thread -1
Loading resource: res://art/textures/material_library/t_observatory_stone_orm.png remapped: res://art/textures/material_library/t_observatory_stone_orm.png
Loading resource: res://.godot/imported/t_observatory_stone_orm.png-4da19abca2400c1ea60157ddc8b2fe43.s3tc.ctex remapped: res://.godot/imported/t_observatory_stone_orm.png-4da19abca2400c1ea60157ddc8b2fe43.s3tc.ctex
Completed load for: 'res://art/textures/material_library/t_observatory_stone_orm.png' remapped 'res://art/textures/material_library/t_observatory_stone_orm.png' at thread -1
Completed load for: 'res://art/materials/m_observatory_stone.tres' remapped 'res://art/materials/m_observatory_stone.tres' at thread -1
Loading resource: res://art/materials/m_dark_iron.tres remapped: res://art/materials/m_dark_iron.tres
Loading resource: res://art/textures/material_library/t_dark_iron_albedo.png remapped: res://art/textures/material_library/t_dark_iron_albedo.png
Loading resource: res://.godot/imported/t_dark_iron_albedo.png-66c578930998aa52cde4476e849cd53e.bptc.ctex remapped: res://.godot/imported/t_dark_iron_albedo.png-66c578930998aa52cde4476e849cd53e.bptc.ctex
Completed load for: 'res://art/textures/material_library/t_dark_iron_albedo.png' remapped 'res://art/textures/material_library/t_dark_iron_albedo.png' at thread -1
Loading resource: res://art/textures/material_library/t_dark_iron_normal.png remapped: res://art/textures/material_library/t_dark_iron_normal.png
Loading resource: res://.godot/imported/t_dark_iron_normal.png-b114b4c4e436e88cf9c30b356a3fdc97.s3tc.ctex remapped: res://.godot/imported/t_dark_iron_normal.png-b114b4c4e436e88cf9c30b356a3fdc97.s3tc.ctex
Completed load for: 'res://art/textures/material_library/t_dark_iron_normal.png' remapped 'res://art/textures/material_library/t_dark_iron_normal.png' at thread -1
Loading resource: res://art/textures/material_library/t_dark_iron_orm.png remapped: res://art/textures/material_library/t_dark_iron_orm.png
Loading resource: res://.godot/imported/t_dark_iron_orm.png-26d916cff2f6d9ab53816438c312c0a3.bptc.ctex remapped: res://.godot/imported/t_dark_iron_orm.png-26d916cff2f6d9ab53816438c312c0a3.bptc.ctex
Completed load for: 'res://art/textures/material_library/t_dark_iron_orm.png' remapped 'res://art/textures/material_library/t_dark_iron_orm.png' at thread -1
Completed load for: 'res://art/materials/m_dark_iron.tres' remapped 'res://art/materials/m_dark_iron.tres' at thread -1
Loading resource: res://art/materials/m_aged_brass.tres remapped: res://art/materials/m_aged_brass.tres
Loading resource: res://art/textures/material_library/t_aged_brass_albedo.png remapped: res://art/textures/material_library/t_aged_brass_albedo.png
Loading resource: res://.godot/imported/t_aged_brass_albedo.png-abc56163ac1f88b0fdc87aa9855967f6.bptc.ctex remapped: res://.godot/imported/t_aged_brass_albedo.png-abc56163ac1f88b0fdc87aa9855967f6.bptc.ctex
Completed load for: 'res://art/textures/material_library/t_aged_brass_albedo.png' remapped 'res://art/textures/material_library/t_aged_brass_albedo.png' at thread -1
Loading resource: res://art/textures/material_library/t_aged_brass_normal.png remapped: res://art/textures/material_library/t_aged_brass_normal.png
Loading resource: res://.godot/imported/t_aged_brass_normal.png-8e39d8996b346af431d3dca26c806cc9.s3tc.ctex remapped: res://.godot/imported/t_aged_brass_normal.png-8e39d8996b346af431d3dca26c806cc9.s3tc.ctex
Completed load for: 'res://art/textures/material_library/t_aged_brass_normal.png' remapped 'res://art/textures/material_library/t_aged_brass_normal.png' at thread -1
Loading resource: res://art/textures/material_library/t_aged_brass_orm.png remapped: res://art/textures/material_library/t_aged_brass_orm.png
Loading resource: res://.godot/imported/t_aged_brass_orm.png-3d326ed2e26256e8095984503e4be2d1.bptc.ctex remapped: res://.godot/imported/t_aged_brass_orm.png-3d326ed2e26256e8095984503e4be2d1.bptc.ctex
Completed load for: 'res://art/textures/material_library/t_aged_brass_orm.png' remapped 'res://art/textures/material_library/t_aged_brass_orm.png' at thread -1
Completed load for: 'res://art/materials/m_aged_brass.tres' remapped 'res://art/materials/m_aged_brass.tres' at thread -1
[   1% ] [90m[1mimport[22m | Running Custom Script...[39m[0m
[  99% ] [90m[1mimport[22m | Saving...[39m[0m
Saving scene to: res://.godot/imported/sm_s00_approach_guard_rear.glb-2df92df214df228c4653132bf870c02d.scn
[92m[ DONE ][39m [1mimport[22m
[0m
EditorFileSystem: "res://art/meshes/archive_kit/sm_s00_approach_guard_rear.glb" import took 18 ms.
[  57% ] [90m[1mreimport[22m | sm_s00_approach_guard_long.glb[39m[0m
EditorFileSystem: Importing file: res://art/meshes/archive_kit/sm_s00_approach_guard_long.glb
[   0% ] [90m[1mimport[22m | Started Import Scene (104 steps)[39m[0m
[   0% ] [90m[1mimport[22m | Importing Scene...[39m[0m
glTF: Total buffers: 1
glTF: Total buffer views: 12
glTF: Total accessors: 12
Total materials: 3
glTF: Parsing mesh: 0
WARNING: glTF import: Buffer view byte stride should be declared for vertex attributes. Assuming packed data and reading anyway.
WARNING: glTF import: Buffer view byte stride should be declared for vertex attributes. Assuming packed data and reading anyway.
WARNING: glTF import: Buffer view byte stride should be declared for vertex attributes. Assuming packed data and reading anyway.
WARNING: glTF import: Buffer view byte stride should be declared for vertex attributes. Assuming packed data and reading anyway.
WARNING: glTF import: Buffer view byte stride should be declared for vertex attributes. Assuming packed data and reading anyway.
WARNING: glTF import: Buffer view byte stride should be declared for vertex attributes. Assuming packed data and reading anyway.
WARNING: glTF import: Buffer view byte stride should be declared for vertex attributes. Assuming packed data and reading anyway.
WARNING: glTF import: Buffer view byte stride should be declared for vertex attributes. Assuming packed data and reading anyway.
WARNING: glTF import: Buffer view byte stride should be declared for vertex attributes. Assuming packed data and reading anyway.
WARNING: glTF import: Buffer view byte stride should be declared for vertex attributes. Assuming packed data and reading anyway.
WARNING: glTF import: Buffer view byte stride should be declared for vertex attributes. Assuming packed data and reading anyway.
WARNING: glTF import: Buffer view byte stride should be declared for vertex attributes. Assuming packed data and reading anyway.
glTF: Total meshes: 1
glTF: Creating mesh for: sm_s00_approach_guard_long
Loading resource: res://art/materials/m_observatory_stone.tres remapped: res://art/materials/m_observatory_stone.tres
Loading resource: res://art/textures/material_library/t_observatory_stone_albedo.png remapped: res://art/textures/material_library/t_observatory_stone_albedo.png
Loading resource: res://.godot/imported/t_observatory_stone_albedo.png-43349643c0875f5ace3ffdb2d210c57f.s3tc.ctex remapped: res://.godot/imported/t_observatory_stone_albedo.png-43349643c0875f5ace3ffdb2d210c57f.s3tc.ctex
Completed load for: 'res://art/textures/material_library/t_observatory_stone_albedo.png' remapped 'res://art/textures/material_library/t_observatory_stone_albedo.png' at thread -1
Loading resource: res://art/textures/material_library/t_observatory_stone_normal.png remapped: res://art/textures/material_library/t_observatory_stone_normal.png
Loading resource: res://.godot/imported/t_observatory_stone_normal.png-47e0f6bff75f2896b77ed27a272dde2f.s3tc.ctex remapped: res://.godot/imported/t_observatory_stone_normal.png-47e0f6bff75f2896b77ed27a272dde2f.s3tc.ctex
Completed load for: 'res://art/textures/material_library/t_observatory_stone_normal.png' remapped 'res://art/textures/material_library/t_observatory_stone_normal.png' at thread -1
Loading resource: res://art/textures/material_library/t_observatory_stone_orm.png remapped: res://art/textures/material_library/t_observatory_stone_orm.png
Loading resource: res://.godot/imported/t_observatory_stone_orm.png-4da19abca2400c1ea60157ddc8b2fe43.s3tc.ctex remapped: res://.godot/imported/t_observatory_stone_orm.png-4da19abca2400c1ea60157ddc8b2fe43.s3tc.ctex
Completed load for: 'res://art/textures/material_library/t_observatory_stone_orm.png' remapped 'res://art/textures/material_library/t_observatory_stone_orm.png' at thread -1
Completed load for: 'res://art/materials/m_observatory_stone.tres' remapped 'res://art/materials/m_observatory_stone.tres' at thread -1
Loading resource: res://art/materials/m_dark_iron.tres remapped: res://art/materials/m_dark_iron.tres
Loading resource: res://art/textures/material_library/t_dark_iron_albedo.png remapped: res://art/textures/material_library/t_dark_iron_albedo.png
Loading resource: res://.godot/imported/t_dark_iron_albedo.png-66c578930998aa52cde4476e849cd53e.bptc.ctex remapped: res://.godot/imported/t_dark_iron_albedo.png-66c578930998aa52cde4476e849cd53e.bptc.ctex
Completed load for: 'res://art/textures/material_library/t_dark_iron_albedo.png' remapped 'res://art/textures/material_library/t_dark_iron_albedo.png' at thread -1
Loading resource: res://art/textures/material_library/t_dark_iron_normal.png remapped: res://art/textures/material_library/t_dark_iron_normal.png
Loading resource: res://.godot/imported/t_dark_iron_normal.png-b114b4c4e436e88cf9c30b356a3fdc97.s3tc.ctex remapped: res://.godot/imported/t_dark_iron_normal.png-b114b4c4e436e88cf9c30b356a3fdc97.s3tc.ctex
Completed load for: 'res://art/textures/material_library/t_dark_iron_normal.png' remapped 'res://art/textures/material_library/t_dark_iron_normal.png' at thread -1
Loading resource: res://art/textures/material_library/t_dark_iron_orm.png remapped: res://art/textures/material_library/t_dark_iron_orm.png
Loading resource: res://.godot/imported/t_dark_iron_orm.png-26d916cff2f6d9ab53816438c312c0a3.bptc.ctex remapped: res://.godot/imported/t_dark_iron_orm.png-26d916cff2f6d9ab53816438c312c0a3.bptc.ctex
Completed load for: 'res://art/textures/material_library/t_dark_iron_orm.png' remapped 'res://art/textures/material_library/t_dark_iron_orm.png' at thread -1
Completed load for: 'res://art/materials/m_dark_iron.tres' remapped 'res://art/materials/m_dark_iron.tres' at thread -1
Loading resource: res://art/materials/m_aged_brass.tres remapped: res://art/materials/m_aged_brass.tres
Loading resource: res://art/textures/material_library/t_aged_brass_albedo.png remapped: res://art/textures/material_library/t_aged_brass_albedo.png
Loading resource: res://.godot/imported/t_aged_brass_albedo.png-abc56163ac1f88b0fdc87aa9855967f6.bptc.ctex remapped: res://.godot/imported/t_aged_brass_albedo.png-abc56163ac1f88b0fdc87aa9855967f6.bptc.ctex
Completed load for: 'res://art/textures/material_library/t_aged_brass_albedo.png' remapped 'res://art/textures/material_library/t_aged_brass_albedo.png' at thread -1
Loading resource: res://art/textures/material_library/t_aged_brass_normal.png remapped: res://art/textures/material_library/t_aged_brass_normal.png
Loading resource: res://.godot/imported/t_aged_brass_normal.png-8e39d8996b346af431d3dca26c806cc9.s3tc.ctex remapped: res://.godot/imported/t_aged_brass_normal.png-8e39d8996b346af431d3dca26c806cc9.s3tc.ctex
Completed load for: 'res://art/textures/material_library/t_aged_brass_normal.png' remapped 'res://art/textures/material_library/t_aged_brass_normal.png' at thread -1
Loading resource: res://art/textures/material_library/t_aged_brass_orm.png remapped: res://art/textures/material_library/t_aged_brass_orm.png
Loading resource: res://.godot/imported/t_aged_brass_orm.png-3d326ed2e26256e8095984503e4be2d1.bptc.ctex remapped: res://.godot/imported/t_aged_brass_orm.png-3d326ed2e26256e8095984503e4be2d1.bptc.ctex
Completed load for: 'res://art/textures/material_library/t_aged_brass_orm.png' remapped 'res://art/textures/material_library/t_aged_brass_orm.png' at thread -1
Completed load for: 'res://art/materials/m_aged_brass.tres' remapped 'res://art/materials/m_aged_brass.tres' at thread -1
[   1% ] [90m[1mimport[22m | Running Custom Script...[39m[0m
[  99% ] [90m[1mimport[22m | Saving...[39m[0m
Saving scene to: res://.godot/imported/sm_s00_approach_guard_long.glb-1dcdcbd6c18bd638a43a04fb42921964.scn
[92m[ DONE ][39m [1mimport[22m
[0m
EditorFileSystem: "res://art/meshes/archive_kit/sm_s00_approach_guard_long.glb" import took 22 ms.
[  58% ] [90m[1mreimport[22m | sm_archive_wing_gate.glb[39m[0m
EditorFileSystem: Importing file: res://art/meshes/archive_kit/sm_archive_wing_gate.glb
[   0% ] [90m[1mimport[22m | Started Import Scene (104 steps)[39m[0m
[   0% ] [90m[1mimport[22m | Importing Scene...[39m[0m
glTF: Total buffers: 1
glTF: Total buffer views: 15
glTF: Total accessors: 15
Total materials: 3
glTF: Parsing mesh: 0
WARNING: glTF import: Buffer view byte stride should be declared for vertex attributes. Assuming packed data and reading anyway.
WARNING: glTF import: Buffer view byte stride should be declared for vertex attributes. Assuming packed data and reading anyway.
WARNING: glTF import: Buffer view byte stride should be declared for vertex attributes. Assuming packed data and reading anyway.
WARNING: glTF import: Buffer view byte stride should be declared for vertex attributes. Assuming packed data and reading anyway.
WARNING: glTF import: Buffer view byte stride should be declared for vertex attributes. Assuming packed data and reading anyway.
WARNING: glTF import: Buffer view byte stride should be declared for vertex attributes. Assuming packed data and reading anyway.
WARNING: glTF import: Buffer view byte stride should be declared for vertex attributes. Assuming packed data and reading anyway.
WARNING: glTF import: Buffer view byte stride should be declared for vertex attributes. Assuming packed data and reading anyway.
WARNING: glTF import: Buffer view byte stride should be declared for vertex attributes. Assuming packed data and reading anyway.
WARNING: glTF import: Buffer view byte stride should be declared for vertex attributes. Assuming packed data and reading anyway.
WARNING: glTF import: Buffer view byte stride should be declared for vertex attributes. Assuming packed data and reading anyway.
WARNING: glTF import: Buffer view byte stride should be declared for vertex attributes. Assuming packed data and reading anyway.
WARNING: glTF import: Buffer view byte stride should be declared for vertex attributes. Assuming packed data and reading anyway.
WARNING: glTF import: Buffer view byte stride should be declared for vertex attributes. Assuming packed data and reading anyway.
WARNING: glTF import: Buffer view byte stride should be declared for vertex attributes. Assuming packed data and reading anyway.
glTF: Total meshes: 1
glTF: Creating mesh for: sm_archive_wing_gate
Loading resource: res://art/materials/m_dark_walnut.tres remapped: res://art/materials/m_dark_walnut.tres
Loading resource: res://art/textures/material_library/t_dark_walnut_albedo.png remapped: res://art/textures/material_library/t_dark_walnut_albedo.png
Loading resource: res://.godot/imported/t_dark_walnut_albedo.png-eeb53fd26080333269d26f1244156de6.s3tc.ctex remapped: res://.godot/imported/t_dark_walnut_albedo.png-eeb53fd26080333269d26f1244156de6.s3tc.ctex
Completed load for: 'res://art/textures/material_library/t_dark_walnut_albedo.png' remapped 'res://art/textures/material_library/t_dark_walnut_albedo.png' at thread -1
Loading resource: res://art/textures/material_library/t_dark_walnut_normal.png remapped: res://art/textures/material_library/t_dark_walnut_normal.png
Loading resource: res://.godot/imported/t_dark_walnut_normal.png-0da8c0cbc718834a50d80f1e10dd6f67.s3tc.ctex remapped: res://.godot/imported/t_dark_walnut_normal.png-0da8c0cbc718834a50d80f1e10dd6f67.s3tc.ctex
Completed load for: 'res://art/textures/material_library/t_dark_walnut_normal.png' remapped 'res://art/textures/material_library/t_dark_walnut_normal.png' at thread -1
Loading resource: res://art/textures/material_library/t_dark_walnut_orm.png remapped: res://art/textures/material_library/t_dark_walnut_orm.png
Loading resource: res://.godot/imported/t_dark_walnut_orm.png-80714522fb65226a649b9a39ea999577.s3tc.ctex remapped: res://.godot/imported/t_dark_walnut_orm.png-80714522fb65226a649b9a39ea999577.s3tc.ctex
Completed load for: 'res://art/textures/material_library/t_dark_walnut_orm.png' remapped 'res://art/textures/material_library/t_dark_walnut_orm.png' at thread -1
Completed load for: 'res://art/materials/m_dark_walnut.tres' remapped 'res://art/materials/m_dark_walnut.tres' at thread -1
Loading resource: res://art/materials/m_dark_iron.tres remapped: res://art/materials/m_dark_iron.tres
Loading resource: res://art/textures/material_library/t_dark_iron_albedo.png remapped: res://art/textures/material_library/t_dark_iron_albedo.png
Loading resource: res://.godot/imported/t_dark_iron_albedo.png-66c578930998aa52cde4476e849cd53e.bptc.ctex remapped: res://.godot/imported/t_dark_iron_albedo.png-66c578930998aa52cde4476e849cd53e.bptc.ctex
Completed load for: 'res://art/textures/material_library/t_dark_iron_albedo.png' remapped 'res://art/textures/material_library/t_dark_iron_albedo.png' at thread -1
Loading resource: res://art/textures/material_library/t_dark_iron_normal.png remapped: res://art/textures/material_library/t_dark_iron_normal.png
Loading resource: res://.godot/imported/t_dark_iron_normal.png-b114b4c4e436e88cf9c30b356a3fdc97.s3tc.ctex remapped: res://.godot/imported/t_dark_iron_normal.png-b114b4c4e436e88cf9c30b356a3fdc97.s3tc.ctex
Completed load for: 'res://art/textures/material_library/t_dark_iron_normal.png' remapped 'res://art/textures/material_library/t_dark_iron_normal.png' at thread -1
Loading resource: res://art/textures/material_library/t_dark_iron_orm.png remapped: res://art/textures/material_library/t_dark_iron_orm.png
Loading resource: res://.godot/imported/t_dark_iron_orm.png-26d916cff2f6d9ab53816438c312c0a3.bptc.ctex remapped: res://.godot/imported/t_dark_iron_orm.png-26d916cff2f6d9ab53816438c312c0a3.bptc.ctex
Completed load for: 'res://art/textures/material_library/t_dark_iron_orm.png' remapped 'res://art/textures/material_library/t_dark_iron_orm.png' at thread -1
Completed load for: 'res://art/materials/m_dark_iron.tres' remapped 'res://art/materials/m_dark_iron.tres' at thread -1
Loading resource: res://art/materials/m_aged_brass.tres remapped: res://art/materials/m_aged_brass.tres
Loading resource: res://art/textures/material_library/t_aged_brass_albedo.png remapped: res://art/textures/material_library/t_aged_brass_albedo.png
Loading resource: res://.godot/imported/t_aged_brass_albedo.png-abc56163ac1f88b0fdc87aa9855967f6.bptc.ctex remapped: res://.godot/imported/t_aged_brass_albedo.png-abc56163ac1f88b0fdc87aa9855967f6.bptc.ctex
Completed load for: 'res://art/textures/material_library/t_aged_brass_albedo.png' remapped 'res://art/textures/material_library/t_aged_brass_albedo.png' at thread -1
Loading resource: res://art/textures/material_library/t_aged_brass_normal.png remapped: res://art/textures/material_library/t_aged_brass_normal.png
Loading resource: res://.godot/imported/t_aged_brass_normal.png-8e39d8996b346af431d3dca26c806cc9.s3tc.ctex remapped: res://.godot/imported/t_aged_brass_normal.png-8e39d8996b346af431d3dca26c806cc9.s3tc.ctex
Completed load for: 'res://art/textures/material_library/t_aged_brass_normal.png' remapped 'res://art/textures/material_library/t_aged_brass_normal.png' at thread -1
Loading resource: res://art/textures/material_library/t_aged_brass_orm.png remapped: res://art/textures/material_library/t_aged_brass_orm.png
Loading resource: res://.godot/imported/t_aged_brass_orm.png-3d326ed2e26256e8095984503e4be2d1.bptc.ctex remapped: res://.godot/imported/t_aged_brass_orm.png-3d326ed2e26256e8095984503e4be2d1.bptc.ctex
Completed load for: 'res://art/textures/material_library/t_aged_brass_orm.png' remapped 'res://art/textures/material_library/t_aged_brass_orm.png' at thread -1
Completed load for: 'res://art/materials/m_aged_brass.tres' remapped 'res://art/materials/m_aged_brass.tres' at thread -1
[   1% ] [90m[1mimport[22m | Running Custom Script...[39m[0m
[  99% ] [90m[1mimport[22m | Saving...[39m[0m
Saving scene to: res://.godot/imported/sm_archive_wing_gate.glb-385529003cfbc95f857646945d0a1005.scn
[92m[ DONE ][39m [1mimport[22m
[0m
EditorFileSystem: "res://art/meshes/archive_kit/sm_archive_wing_gate.glb" import took 23 ms.
[  60% ] [90m[1mreimport[22m | sm_archive_wall_lantern.glb[39m[0m
EditorFileSystem: Importing file: res://art/meshes/archive_kit/sm_archive_wall_lantern.glb
[   0% ] [90m[1mimport[22m | Started Import Scene (104 steps)[39m[0m
[   0% ] [90m[1mimport[22m | Importing Scene...[39m[0m
glTF: Total buffers: 1
glTF: Total buffer views: 20
glTF: Total accessors: 20
Total materials: 4
glTF: Parsing mesh: 0
WARNING: glTF import: Buffer view byte stride should be declared for vertex attributes. Assuming packed data and reading anyway.
WARNING: glTF import: Buffer view byte stride should be declared for vertex attributes. Assuming packed data and reading anyway.
WARNING: glTF import: Buffer view byte stride should be declared for vertex attributes. Assuming packed data and reading anyway.
WARNING: glTF import: Buffer view byte stride should be declared for vertex attributes. Assuming packed data and reading anyway.
WARNING: glTF import: Buffer view byte stride should be declared for vertex attributes. Assuming packed data and reading anyway.
WARNING: glTF import: Buffer view byte stride should be declared for vertex attributes. Assuming packed data and reading anyway.
WARNING: glTF import: Buffer view byte stride should be declared for vertex attributes. Assuming packed data and reading anyway.
WARNING: glTF import: Buffer view byte stride should be declared for vertex attributes. Assuming packed data and reading anyway.
WARNING: glTF import: Buffer view byte stride should be declared for vertex attributes. Assuming packed data and reading anyway.
WARNING: glTF import: Buffer view byte stride should be declared for vertex attributes. Assuming packed data and reading anyway.
WARNING: glTF import: Buffer view byte stride should be declared for vertex attributes. Assuming packed data and reading anyway.
WARNING: glTF import: Buffer view byte stride should be declared for vertex attributes. Assuming packed data and reading anyway.
WARNING: glTF import: Buffer view byte stride should be declared for vertex attributes. Assuming packed data and reading anyway.
WARNING: glTF import: Buffer view byte stride should be declared for vertex attributes. Assuming packed data and reading anyway.
WARNING: glTF import: Buffer view byte stride should be declared for vertex attributes. Assuming packed data and reading anyway.
WARNING: glTF import: Buffer view byte stride should be declared for vertex attributes. Assuming packed data and reading anyway.
WARNING: glTF import: Buffer view byte stride should be declared for vertex attributes. Assuming packed data and reading anyway.
WARNING: glTF import: Buffer view byte stride should be declared for vertex attributes. Assuming packed data and reading anyway.
WARNING: glTF import: Buffer view byte stride should be declared for vertex attributes. Assuming packed data and reading anyway.
WARNING: glTF import: Buffer view byte stride should be declared for vertex attributes. Assuming packed data and reading anyway.
glTF: Total meshes: 1
glTF: Creating mesh for: sm_archive_wall_lantern
Loading resource: res://art/materials/m_dark_iron.tres remapped: res://art/materials/m_dark_iron.tres
Loading resource: res://art/textures/material_library/t_dark_iron_albedo.png remapped: res://art/textures/material_library/t_dark_iron_albedo.png
Loading resource: res://.godot/imported/t_dark_iron_albedo.png-66c578930998aa52cde4476e849cd53e.bptc.ctex remapped: res://.godot/imported/t_dark_iron_albedo.png-66c578930998aa52cde4476e849cd53e.bptc.ctex
Completed load for: 'res://art/textures/material_library/t_dark_iron_albedo.png' remapped 'res://art/textures/material_library/t_dark_iron_albedo.png' at thread -1
Loading resource: res://art/textures/material_library/t_dark_iron_normal.png remapped: res://art/textures/material_library/t_dark_iron_normal.png
Loading resource: res://.godot/imported/t_dark_iron_normal.png-b114b4c4e436e88cf9c30b356a3fdc97.s3tc.ctex remapped: res://.godot/imported/t_dark_iron_normal.png-b114b4c4e436e88cf9c30b356a3fdc97.s3tc.ctex
Completed load for: 'res://art/textures/material_library/t_dark_iron_normal.png' remapped 'res://art/textures/material_library/t_dark_iron_normal.png' at thread -1
Loading resource: res://art/textures/material_library/t_dark_iron_orm.png remapped: res://art/textures/material_library/t_dark_iron_orm.png
Loading resource: res://.godot/imported/t_dark_iron_orm.png-26d916cff2f6d9ab53816438c312c0a3.bptc.ctex remapped: res://.godot/imported/t_dark_iron_orm.png-26d916cff2f6d9ab53816438c312c0a3.bptc.ctex
Completed load for: 'res://art/textures/material_library/t_dark_iron_orm.png' remapped 'res://art/textures/material_library/t_dark_iron_orm.png' at thread -1
Completed load for: 'res://art/materials/m_dark_iron.tres' remapped 'res://art/materials/m_dark_iron.tres' at thread -1
Loading resource: res://art/materials/m_aged_brass.tres remapped: res://art/materials/m_aged_brass.tres
Loading resource: res://art/textures/material_library/t_aged_brass_albedo.png remapped: res://art/textures/material_library/t_aged_brass_albedo.png
Loading resource: res://.godot/imported/t_aged_brass_albedo.png-abc56163ac1f88b0fdc87aa9855967f6.bptc.ctex remapped: res://.godot/imported/t_aged_brass_albedo.png-abc56163ac1f88b0fdc87aa9855967f6.bptc.ctex
Completed load for: 'res://art/textures/material_library/t_aged_brass_albedo.png' remapped 'res://art/textures/material_library/t_aged_brass_albedo.png' at thread -1
Loading resource: res://art/textures/material_library/t_aged_brass_normal.png remapped: res://art/textures/material_library/t_aged_brass_normal.png
Loading resource: res://.godot/imported/t_aged_brass_normal.png-8e39d8996b346af431d3dca26c806cc9.s3tc.ctex remapped: res://.godot/imported/t_aged_brass_normal.png-8e39d8996b346af431d3dca26c806cc9.s3tc.ctex
Completed load for: 'res://art/textures/material_library/t_aged_brass_normal.png' remapped 'res://art/textures/material_library/t_aged_brass_normal.png' at thread -1
Loading resource: res://art/textures/material_library/t_aged_brass_orm.png remapped: res://art/textures/material_library/t_aged_brass_orm.png
Loading resource: res://.godot/imported/t_aged_brass_orm.png-3d326ed2e26256e8095984503e4be2d1.bptc.ctex remapped: res://.godot/imported/t_aged_brass_orm.png-3d326ed2e26256e8095984503e4be2d1.bptc.ctex
Completed load for: 'res://art/textures/material_library/t_aged_brass_orm.png' remapped 'res://art/textures/material_library/t_aged_brass_orm.png' at thread -1
Completed load for: 'res://art/materials/m_aged_brass.tres' remapped 'res://art/materials/m_aged_brass.tres' at thread -1
Loading resource: res://art/materials/m_clear_glass.tres remapped: res://art/materials/m_clear_glass.tres
Completed load for: 'res://art/materials/m_clear_glass.tres' remapped 'res://art/materials/m_clear_glass.tres' at thread -1
Loading resource: res://art/materials/m_archive_emissive_gold.tres remapped: res://art/materials/m_archive_emissive_gold.tres
Completed load for: 'res://art/materials/m_archive_emissive_gold.tres' remapped 'res://art/materials/m_archive_emissive_gold.tres' at thread -1
[   1% ] [90m[1mimport[22m | Running Custom Script...[39m[0m
[  99% ] [90m[1mimport[22m | Saving...[39m[0m
Saving scene to: res://.godot/imported/sm_archive_wall_lantern.glb-8285d2f2d249897b92768d6acd085c4d.scn
[92m[ DONE ][39m [1mimport[22m
[0m
EditorFileSystem: "res://art/meshes/archive_kit/sm_archive_wall_lantern.glb" import took 16 ms.
[  61% ] [90m[1mreimport[22m | sm_archive_wall_4m.glb[39m[0m
EditorFileSystem: Importing file: res://art/meshes/archive_kit/sm_archive_wall_4m.glb
[   0% ] [90m[1mimport[22m | Started Import Scene (104 steps)[39m[0m
[   0% ] [90m[1mimport[22m | Importing Scene...[39m[0m
glTF: Total buffers: 1
glTF: Total buffer views: 5
glTF: Total accessors: 5
Total materials: 1
glTF: Parsing mesh: 0
WARNING: glTF import: Buffer view byte stride should be declared for vertex attributes. Assuming packed data and reading anyway.
WARNING: glTF import: Buffer view byte stride should be declared for vertex attributes. Assuming packed data and reading anyway.
WARNING: glTF import: Buffer view byte stride should be declared for vertex attributes. Assuming packed data and reading anyway.
WARNING: glTF import: Buffer view byte stride should be declared for vertex attributes. Assuming packed data and reading anyway.
WARNING: glTF import: Buffer view byte stride should be declared for vertex attributes. Assuming packed data and reading anyway.
glTF: Total meshes: 1
glTF: Creating mesh for: sm_archive_wall_4m
Loading resource: res://art/materials/m_observatory_stone.tres remapped: res://art/materials/m_observatory_stone.tres
Loading resource: res://art/textures/material_library/t_observatory_stone_albedo.png remapped: res://art/textures/material_library/t_observatory_stone_albedo.png
Loading resource: res://.godot/imported/t_observatory_stone_albedo.png-43349643c0875f5ace3ffdb2d210c57f.s3tc.ctex remapped: res://.godot/imported/t_observatory_stone_albedo.png-43349643c0875f5ace3ffdb2d210c57f.s3tc.ctex
Completed load for: 'res://art/textures/material_library/t_observatory_stone_albedo.png' remapped 'res://art/textures/material_library/t_observatory_stone_albedo.png' at thread -1
Loading resource: res://art/textures/material_library/t_observatory_stone_normal.png remapped: res://art/textures/material_library/t_observatory_stone_normal.png
Loading resource: res://.godot/imported/t_observatory_stone_normal.png-47e0f6bff75f2896b77ed27a272dde2f.s3tc.ctex remapped: res://.godot/imported/t_observatory_stone_normal.png-47e0f6bff75f2896b77ed27a272dde2f.s3tc.ctex
Completed load for: 'res://art/textures/material_library/t_observatory_stone_normal.png' remapped 'res://art/textures/material_library/t_observatory_stone_normal.png' at thread -1
Loading resource: res://art/textures/material_library/t_observatory_stone_orm.png remapped: res://art/textures/material_library/t_observatory_stone_orm.png
Loading resource: res://.godot/imported/t_observatory_stone_orm.png-4da19abca2400c1ea60157ddc8b2fe43.s3tc.ctex remapped: res://.godot/imported/t_observatory_stone_orm.png-4da19abca2400c1ea60157ddc8b2fe43.s3tc.ctex
Completed load for: 'res://art/textures/material_library/t_observatory_stone_orm.png' remapped 'res://art/textures/material_library/t_observatory_stone_orm.png' at thread -1
Completed load for: 'res://art/materials/m_observatory_stone.tres' remapped 'res://art/materials/m_observatory_stone.tres' at thread -1
[   1% ] [90m[1mimport[22m | Running Custom Script...[39m[0m
[  99% ] [90m[1mimport[22m | Saving...[39m[0m
Saving scene to: res://.godot/imported/sm_archive_wall_4m.glb-5a43b122942b61368232191aa3dd0bfd.scn
[92m[ DONE ][39m [1mimport[22m
[0m
EditorFileSystem: "res://art/meshes/archive_kit/sm_archive_wall_4m.glb" import took 6 ms.
[  62% ] [90m[1mreimport[22m | sm_archive_wall_3m.glb[39m[0m
EditorFileSystem: Importing file: res://art/meshes/archive_kit/sm_archive_wall_3m.glb
[   0% ] [90m[1mimport[22m | Started Import Scene (104 steps)[39m[0m
[   0% ] [90m[1mimport[22m | Importing Scene...[39m[0m
glTF: Total buffers: 1
glTF: Total buffer views: 5
glTF: Total accessors: 5
Total materials: 1
glTF: Parsing mesh: 0
WARNING: glTF import: Buffer view byte stride should be declared for vertex attributes. Assuming packed data and reading anyway.
WARNING: glTF import: Buffer view byte stride should be declared for vertex attributes. Assuming packed data and reading anyway.
WARNING: glTF import: Buffer view byte stride should be declared for vertex attributes. Assuming packed data and reading anyway.
WARNING: glTF import: Buffer view byte stride should be declared for vertex attributes. Assuming packed data and reading anyway.
WARNING: glTF import: Buffer view byte stride should be declared for vertex attributes. Assuming packed data and reading anyway.
glTF: Total meshes: 1
glTF: Creating mesh for: sm_archive_wall_3m
Loading resource: res://art/materials/m_observatory_stone.tres remapped: res://art/materials/m_observatory_stone.tres
Loading resource: res://art/textures/material_library/t_observatory_stone_albedo.png remapped: res://art/textures/material_library/t_observatory_stone_albedo.png
Loading resource: res://.godot/imported/t_observatory_stone_albedo.png-43349643c0875f5ace3ffdb2d210c57f.s3tc.ctex remapped: res://.godot/imported/t_observatory_stone_albedo.png-43349643c0875f5ace3ffdb2d210c57f.s3tc.ctex
Completed load for: 'res://art/textures/material_library/t_observatory_stone_albedo.png' remapped 'res://art/textures/material_library/t_observatory_stone_albedo.png' at thread -1
Loading resource: res://art/textures/material_library/t_observatory_stone_normal.png remapped: res://art/textures/material_library/t_observatory_stone_normal.png
Loading resource: res://.godot/imported/t_observatory_stone_normal.png-47e0f6bff75f2896b77ed27a272dde2f.s3tc.ctex remapped: res://.godot/imported/t_observatory_stone_normal.png-47e0f6bff75f2896b77ed27a272dde2f.s3tc.ctex
Completed load for: 'res://art/textures/material_library/t_observatory_stone_normal.png' remapped 'res://art/textures/material_library/t_observatory_stone_normal.png' at thread -1
Loading resource: res://art/textures/material_library/t_observatory_stone_orm.png remapped: res://art/textures/material_library/t_observatory_stone_orm.png
Loading resource: res://.godot/imported/t_observatory_stone_orm.png-4da19abca2400c1ea60157ddc8b2fe43.s3tc.ctex remapped: res://.godot/imported/t_observatory_stone_orm.png-4da19abca2400c1ea60157ddc8b2fe43.s3tc.ctex
Completed load for: 'res://art/textures/material_library/t_observatory_stone_orm.png' remapped 'res://art/textures/material_library/t_observatory_stone_orm.png' at thread -1
Completed load for: 'res://art/materials/m_observatory_stone.tres' remapped 'res://art/materials/m_observatory_stone.tres' at thread -1
[   1% ] [90m[1mimport[22m | Running Custom Script...[39m[0m
[  99% ] [90m[1mimport[22m | Saving...[39m[0m
Saving scene to: res://.godot/imported/sm_archive_wall_3m.glb-d181371ad931e243242487b28c97776a.scn
[92m[ DONE ][39m [1mimport[22m
[0m
EditorFileSystem: "res://art/meshes/archive_kit/sm_archive_wall_3m.glb" import took 7 ms.
[  64% ] [90m[1mreimport[22m | sm_archive_wall_2m.glb[39m[0m
EditorFileSystem: Importing file: res://art/meshes/archive_kit/sm_archive_wall_2m.glb
[   0% ] [90m[1mimport[22m | Started Import Scene (104 steps)[39m[0m
[   0% ] [90m[1mimport[22m | Importing Scene...[39m[0m
glTF: Total buffers: 1
glTF: Total buffer views: 5
glTF: Total accessors: 5
Total materials: 1
glTF: Parsing mesh: 0
WARNING: glTF import: Buffer view byte stride should be declared for vertex attributes. Assuming packed data and reading anyway.
WARNING: glTF import: Buffer view byte stride should be declared for vertex attributes. Assuming packed data and reading anyway.
WARNING: glTF import: Buffer view byte stride should be declared for vertex attributes. Assuming packed data and reading anyway.
WARNING: glTF import: Buffer view byte stride should be declared for vertex attributes. Assuming packed data and reading anyway.
WARNING: glTF import: Buffer view byte stride should be declared for vertex attributes. Assuming packed data and reading anyway.
glTF: Total meshes: 1
glTF: Creating mesh for: sm_archive_wall_2m
Loading resource: res://art/materials/m_observatory_stone.tres remapped: res://art/materials/m_observatory_stone.tres
Loading resource: res://art/textures/material_library/t_observatory_stone_albedo.png remapped: res://art/textures/material_library/t_observatory_stone_albedo.png
Loading resource: res://.godot/imported/t_observatory_stone_albedo.png-43349643c0875f5ace3ffdb2d210c57f.s3tc.ctex remapped: res://.godot/imported/t_observatory_stone_albedo.png-43349643c0875f5ace3ffdb2d210c57f.s3tc.ctex
Completed load for: 'res://art/textures/material_library/t_observatory_stone_albedo.png' remapped 'res://art/textures/material_library/t_observatory_stone_albedo.png' at thread -1
Loading resource: res://art/textures/material_library/t_observatory_stone_normal.png remapped: res://art/textures/material_library/t_observatory_stone_normal.png
Loading resource: res://.godot/imported/t_observatory_stone_normal.png-47e0f6bff75f2896b77ed27a272dde2f.s3tc.ctex remapped: res://.godot/imported/t_observatory_stone_normal.png-47e0f6bff75f2896b77ed27a272dde2f.s3tc.ctex
Completed load for: 'res://art/textures/material_library/t_observatory_stone_normal.png' remapped 'res://art/textures/material_library/t_observatory_stone_normal.png' at thread -1
Loading resource: res://art/textures/material_library/t_observatory_stone_orm.png remapped: res://art/textures/material_library/t_observatory_stone_orm.png
Loading resource: res://.godot/imported/t_observatory_stone_orm.png-4da19abca2400c1ea60157ddc8b2fe43.s3tc.ctex remapped: res://.godot/imported/t_observatory_stone_orm.png-4da19abca2400c1ea60157ddc8b2fe43.s3tc.ctex
Completed load for: 'res://art/textures/material_library/t_observatory_stone_orm.png' remapped 'res://art/textures/material_library/t_observatory_stone_orm.png' at thread -1
Completed load for: 'res://art/materials/m_observatory_stone.tres' remapped 'res://art/materials/m_observatory_stone.tres' at thread -1
[   1% ] [90m[1mimport[22m | Running Custom Script...[39m[0m
[  99% ] [90m[1mimport[22m | Saving...[39m[0m
Saving scene to: res://.godot/imported/sm_archive_wall_2m.glb-4100a680890fdd16aa7ccedb085a24a8.scn
[92m[ DONE ][39m [1mimport[22m
[0m
EditorFileSystem: "res://art/meshes/archive_kit/sm_archive_wall_2m.glb" import took 7 ms.
[  65% ] [90m[1mreimport[22m | sm_archive_rug.glb[39m[0m
EditorFileSystem: Importing file: res://art/meshes/archive_kit/sm_archive_rug.glb
[   0% ] [90m[1mimport[22m | Started Import Scene (104 steps)[39m[0m
[   0% ] [90m[1mimport[22m | Importing Scene...[39m[0m
glTF: Total buffers: 1
glTF: Total buffer views: 10
glTF: Total accessors: 10
Total materials: 2
glTF: Parsing mesh: 0
WARNING: glTF import: Buffer view byte stride should be declared for vertex attributes. Assuming packed data and reading anyway.
WARNING: glTF import: Buffer view byte stride should be declared for vertex attributes. Assuming packed data and reading anyway.
WARNING: glTF import: Buffer view byte stride should be declared for vertex attributes. Assuming packed data and reading anyway.
WARNING: glTF import: Buffer view byte stride should be declared for vertex attributes. Assuming packed data and reading anyway.
WARNING: glTF import: Buffer view byte stride should be declared for vertex attributes. Assuming packed data and reading anyway.
WARNING: glTF import: Buffer view byte stride should be declared for vertex attributes. Assuming packed data and reading anyway.
WARNING: glTF import: Buffer view byte stride should be declared for vertex attributes. Assuming packed data and reading anyway.
WARNING: glTF import: Buffer view byte stride should be declared for vertex attributes. Assuming packed data and reading anyway.
WARNING: glTF import: Buffer view byte stride should be declared for vertex attributes. Assuming packed data and reading anyway.
WARNING: glTF import: Buffer view byte stride should be declared for vertex attributes. Assuming packed data and reading anyway.
glTF: Total meshes: 1
glTF: Creating mesh for: sm_archive_rug
Loading resource: res://art/materials/m_navy_textile.tres remapped: res://art/materials/m_navy_textile.tres
Loading resource: res://art/textures/material_library/t_woven_textile_albedo.png remapped: res://art/textures/material_library/t_woven_textile_albedo.png
Loading resource: res://.godot/imported/t_woven_textile_albedo.png-9e29b4e83b199f138d1df37fac0d7268.s3tc.ctex remapped: res://.godot/imported/t_woven_textile_albedo.png-9e29b4e83b199f138d1df37fac0d7268.s3tc.ctex
Completed load for: 'res://art/textures/material_library/t_woven_textile_albedo.png' remapped 'res://art/textures/material_library/t_woven_textile_albedo.png' at thread -1
Loading resource: res://art/textures/material_library/t_woven_textile_normal.png remapped: res://art/textures/material_library/t_woven_textile_normal.png
Loading resource: res://.godot/imported/t_woven_textile_normal.png-3c03783a156691d57565b008a8be7444.s3tc.ctex remapped: res://.godot/imported/t_woven_textile_normal.png-3c03783a156691d57565b008a8be7444.s3tc.ctex
Completed load for: 'res://art/textures/material_library/t_woven_textile_normal.png' remapped 'res://art/textures/material_library/t_woven_textile_normal.png' at thread -1
Loading resource: res://art/textures/material_library/t_woven_textile_orm.png remapped: res://art/textures/material_library/t_woven_textile_orm.png
Loading resource: res://.godot/imported/t_woven_textile_orm.png-0973fdd338724e02d2a305aa9ff5826a.s3tc.ctex remapped: res://.godot/imported/t_woven_textile_orm.png-0973fdd338724e02d2a305aa9ff5826a.s3tc.ctex
Completed load for: 'res://art/textures/material_library/t_woven_textile_orm.png' remapped 'res://art/textures/material_library/t_woven_textile_orm.png' at thread -1
Completed load for: 'res://art/materials/m_navy_textile.tres' remapped 'res://art/materials/m_navy_textile.tres' at thread -1
Loading resource: res://art/materials/m_crimson_textile.tres remapped: res://art/materials/m_crimson_textile.tres
Completed load for: 'res://art/materials/m_crimson_textile.tres' remapped 'res://art/materials/m_crimson_textile.tres' at thread -1
[   1% ] [90m[1mimport[22m | Running Custom Script...[39m[0m
[  99% ] [90m[1mimport[22m | Saving...[39m[0m
Saving scene to: res://.godot/imported/sm_archive_rug.glb-8cba8072ab9b642a3630452ad5a0183d.scn
[92m[ DONE ][39m [1mimport[22m
[0m
EditorFileSystem: "res://art/meshes/archive_kit/sm_archive_rug.glb" import took 9 ms.
[  67% ] [90m[1mreimport[22m | sm_archive_pier_4m.glb[39m[0m
EditorFileSystem: Importing file: res://art/meshes/archive_kit/sm_archive_pier_4m.glb
[   0% ] [90m[1mimport[22m | Started Import Scene (104 steps)[39m[0m
[   0% ] [90m[1mimport[22m | Importing Scene...[39m[0m
glTF: Total buffers: 1
glTF: Total buffer views: 10
glTF: Total accessors: 10
Total materials: 2
glTF: Parsing mesh: 0
WARNING: glTF import: Buffer view byte stride should be declared for vertex attributes. Assuming packed data and reading anyway.
WARNING: glTF import: Buffer view byte stride should be declared for vertex attributes. Assuming packed data and reading anyway.
WARNING: glTF import: Buffer view byte stride should be declared for vertex attributes. Assuming packed data and reading anyway.
WARNING: glTF import: Buffer view byte stride should be declared for vertex attributes. Assuming packed data and reading anyway.
WARNING: glTF import: Buffer view byte stride should be declared for vertex attributes. Assuming packed data and reading anyway.
WARNING: glTF import: Buffer view byte stride should be declared for vertex attributes. Assuming packed data and reading anyway.
WARNING: glTF import: Buffer view byte stride should be declared for vertex attributes. Assuming packed data and reading anyway.
WARNING: glTF import: Buffer view byte stride should be declared for vertex attributes. Assuming packed data and reading anyway.
WARNING: glTF import: Buffer view byte stride should be declared for vertex attributes. Assuming packed data and reading anyway.
WARNING: glTF import: Buffer view byte stride should be declared for vertex attributes. Assuming packed data and reading anyway.
glTF: Total meshes: 1
glTF: Creating mesh for: sm_archive_pier_4m
Loading resource: res://art/materials/m_observatory_stone.tres remapped: res://art/materials/m_observatory_stone.tres
Loading resource: res://art/textures/material_library/t_observatory_stone_albedo.png remapped: res://art/textures/material_library/t_observatory_stone_albedo.png
Loading resource: res://.godot/imported/t_observatory_stone_albedo.png-43349643c0875f5ace3ffdb2d210c57f.s3tc.ctex remapped: res://.godot/imported/t_observatory_stone_albedo.png-43349643c0875f5ace3ffdb2d210c57f.s3tc.ctex
Completed load for: 'res://art/textures/material_library/t_observatory_stone_albedo.png' remapped 'res://art/textures/material_library/t_observatory_stone_albedo.png' at thread -1
Loading resource: res://art/textures/material_library/t_observatory_stone_normal.png remapped: res://art/textures/material_library/t_observatory_stone_normal.png
Loading resource: res://.godot/imported/t_observatory_stone_normal.png-47e0f6bff75f2896b77ed27a272dde2f.s3tc.ctex remapped: res://.godot/imported/t_observatory_stone_normal.png-47e0f6bff75f2896b77ed27a272dde2f.s3tc.ctex
Completed load for: 'res://art/textures/material_library/t_observatory_stone_normal.png' remapped 'res://art/textures/material_library/t_observatory_stone_normal.png' at thread -1
Loading resource: res://art/textures/material_library/t_observatory_stone_orm.png remapped: res://art/textures/material_library/t_observatory_stone_orm.png
Loading resource: res://.godot/imported/t_observatory_stone_orm.png-4da19abca2400c1ea60157ddc8b2fe43.s3tc.ctex remapped: res://.godot/imported/t_observatory_stone_orm.png-4da19abca2400c1ea60157ddc8b2fe43.s3tc.ctex
Completed load for: 'res://art/textures/material_library/t_observatory_stone_orm.png' remapped 'res://art/textures/material_library/t_observatory_stone_orm.png' at thread -1
Completed load for: 'res://art/materials/m_observatory_stone.tres' remapped 'res://art/materials/m_observatory_stone.tres' at thread -1
Loading resource: res://art/materials/m_aged_brass.tres remapped: res://art/materials/m_aged_brass.tres
Loading resource: res://art/textures/material_library/t_aged_brass_albedo.png remapped: res://art/textures/material_library/t_aged_brass_albedo.png
Loading resource: res://.godot/imported/t_aged_brass_albedo.png-abc56163ac1f88b0fdc87aa9855967f6.bptc.ctex remapped: res://.godot/imported/t_aged_brass_albedo.png-abc56163ac1f88b0fdc87aa9855967f6.bptc.ctex
Completed load for: 'res://art/textures/material_library/t_aged_brass_albedo.png' remapped 'res://art/textures/material_library/t_aged_brass_albedo.png' at thread -1
Loading resource: res://art/textures/material_library/t_aged_brass_normal.png remapped: res://art/textures/material_library/t_aged_brass_normal.png
Loading resource: res://.godot/imported/t_aged_brass_normal.png-8e39d8996b346af431d3dca26c806cc9.s3tc.ctex remapped: res://.godot/imported/t_aged_brass_normal.png-8e39d8996b346af431d3dca26c806cc9.s3tc.ctex
Completed load for: 'res://art/textures/material_library/t_aged_brass_normal.png' remapped 'res://art/textures/material_library/t_aged_brass_normal.png' at thread -1
Loading resource: res://art/textures/material_library/t_aged_brass_orm.png remapped: res://art/textures/material_library/t_aged_brass_orm.png
Loading resource: res://.godot/imported/t_aged_brass_orm.png-3d326ed2e26256e8095984503e4be2d1.bptc.ctex remapped: res://.godot/imported/t_aged_brass_orm.png-3d326ed2e26256e8095984503e4be2d1.bptc.ctex
Completed load for: 'res://art/textures/material_library/t_aged_brass_orm.png' remapped 'res://art/textures/material_library/t_aged_brass_orm.png' at thread -1
Completed load for: 'res://art/materials/m_aged_brass.tres' remapped 'res://art/materials/m_aged_brass.tres' at thread -1
[   1% ] [90m[1mimport[22m | Running Custom Script...[39m[0m
[  99% ] [90m[1mimport[22m | Saving...[39m[0m
Saving scene to: res://.godot/imported/sm_archive_pier_4m.glb-e177d2f7ba2b799f6a79fccd1a02ee64.scn
[92m[ DONE ][39m [1mimport[22m
[0m
EditorFileSystem: "res://art/meshes/archive_kit/sm_archive_pier_4m.glb" import took 9 ms.
[  68% ] [90m[1mreimport[22m | sm_archive_floor_1m.glb[39m[0m
EditorFileSystem: Importing file: res://art/meshes/archive_kit/sm_archive_floor_1m.glb
[   0% ] [90m[1mimport[22m | Started Import Scene (104 steps)[39m[0m
[   0% ] [90m[1mimport[22m | Importing Scene...[39m[0m
glTF: Total buffers: 1
glTF: Total buffer views: 5
glTF: Total accessors: 5
Total materials: 1
glTF: Parsing mesh: 0
WARNING: glTF import: Buffer view byte stride should be declared for vertex attributes. Assuming packed data and reading anyway.
WARNING: glTF import: Buffer view byte stride should be declared for vertex attributes. Assuming packed data and reading anyway.
WARNING: glTF import: Buffer view byte stride should be declared for vertex attributes. Assuming packed data and reading anyway.
WARNING: glTF import: Buffer view byte stride should be declared for vertex attributes. Assuming packed data and reading anyway.
WARNING: glTF import: Buffer view byte stride should be declared for vertex attributes. Assuming packed data and reading anyway.
glTF: Total meshes: 1
glTF: Creating mesh for: sm_archive_floor_1m
Loading resource: res://art/materials/m_observatory_stone.tres remapped: res://art/materials/m_observatory_stone.tres
Loading resource: res://art/textures/material_library/t_observatory_stone_albedo.png remapped: res://art/textures/material_library/t_observatory_stone_albedo.png
Loading resource: res://.godot/imported/t_observatory_stone_albedo.png-43349643c0875f5ace3ffdb2d210c57f.s3tc.ctex remapped: res://.godot/imported/t_observatory_stone_albedo.png-43349643c0875f5ace3ffdb2d210c57f.s3tc.ctex
Completed load for: 'res://art/textures/material_library/t_observatory_stone_albedo.png' remapped 'res://art/textures/material_library/t_observatory_stone_albedo.png' at thread -1
Loading resource: res://art/textures/material_library/t_observatory_stone_normal.png remapped: res://art/textures/material_library/t_observatory_stone_normal.png
Loading resource: res://.godot/imported/t_observatory_stone_normal.png-47e0f6bff75f2896b77ed27a272dde2f.s3tc.ctex remapped: res://.godot/imported/t_observatory_stone_normal.png-47e0f6bff75f2896b77ed27a272dde2f.s3tc.ctex
Completed load for: 'res://art/textures/material_library/t_observatory_stone_normal.png' remapped 'res://art/textures/material_library/t_observatory_stone_normal.png' at thread -1
Loading resource: res://art/textures/material_library/t_observatory_stone_orm.png remapped: res://art/textures/material_library/t_observatory_stone_orm.png
Loading resource: res://.godot/imported/t_observatory_stone_orm.png-4da19abca2400c1ea60157ddc8b2fe43.s3tc.ctex remapped: res://.godot/imported/t_observatory_stone_orm.png-4da19abca2400c1ea60157ddc8b2fe43.s3tc.ctex
Completed load for: 'res://art/textures/material_library/t_observatory_stone_orm.png' remapped 'res://art/textures/material_library/t_observatory_stone_orm.png' at thread -1
Completed load for: 'res://art/materials/m_observatory_stone.tres' remapped 'res://art/materials/m_observatory_stone.tres' at thread -1
[   1% ] [90m[1mimport[22m | Running Custom Script...[39m[0m
[  99% ] [90m[1mimport[22m | Saving...[39m[0m
Saving scene to: res://.godot/imported/sm_archive_floor_1m.glb-3177ff2ad8d649f708c187ebd4e05e3c.scn
[92m[ DONE ][39m [1mimport[22m
[0m
EditorFileSystem: "res://art/meshes/archive_kit/sm_archive_floor_1m.glb" import took 6 ms.
[  70% ] [90m[1mreimport[22m | sm_archive_bookcase.glb[39m[0m
EditorFileSystem: Importing file: res://art/meshes/archive_kit/sm_archive_bookcase.glb
[   0% ] [90m[1mimport[22m | Started Import Scene (104 steps)[39m[0m
[   0% ] [90m[1mimport[22m | Importing Scene...[39m[0m
glTF: Total buffers: 1
glTF: Total buffer views: 30
glTF: Total accessors: 30
Total materials: 6
glTF: Parsing mesh: 0
WARNING: glTF import: Buffer view byte stride should be declared for vertex attributes. Assuming packed data and reading anyway.
WARNING: glTF import: Buffer view byte stride should be declared for vertex attributes. Assuming packed data and reading anyway.
WARNING: glTF import: Buffer view byte stride should be declared for vertex attributes. Assuming packed data and reading anyway.
WARNING: glTF import: Buffer view byte stride should be declared for vertex attributes. Assuming packed data and reading anyway.
WARNING: glTF import: Buffer view byte stride should be declared for vertex attributes. Assuming packed data and reading anyway.
WARNING: glTF import: Buffer view byte stride should be declared for vertex attributes. Assuming packed data and reading anyway.
WARNING: glTF import: Buffer view byte stride should be declared for vertex attributes. Assuming packed data and reading anyway.
WARNING: glTF import: Buffer view byte stride should be declared for vertex attributes. Assuming packed data and reading anyway.
WARNING: glTF import: Buffer view byte stride should be declared for vertex attributes. Assuming packed data and reading anyway.
WARNING: glTF import: Buffer view byte stride should be declared for vertex attributes. Assuming packed data and reading anyway.
WARNING: glTF import: Buffer view byte stride should be declared for vertex attributes. Assuming packed data and reading anyway.
WARNING: glTF import: Buffer view byte stride should be declared for vertex attributes. Assuming packed data and reading anyway.
WARNING: glTF import: Buffer view byte stride should be declared for vertex attributes. Assuming packed data and reading anyway.
WARNING: glTF import: Buffer view byte stride should be declared for vertex attributes. Assuming packed data and reading anyway.
WARNING: glTF import: Buffer view byte stride should be declared for vertex attributes. Assuming packed data and reading anyway.
WARNING: glTF import: Buffer view byte stride should be declared for vertex attributes. Assuming packed data and reading anyway.
WARNING: glTF import: Buffer view byte stride should be declared for vertex attributes. Assuming packed data and reading anyway.
WARNING: glTF import: Buffer view byte stride should be declared for vertex attributes. Assuming packed data and reading anyway.
WARNING: glTF import: Buffer view byte stride should be declared for vertex attributes. Assuming packed data and reading anyway.
WARNING: glTF import: Buffer view byte stride should be declared for vertex attributes. Assuming packed data and reading anyway.
WARNING: glTF import: Buffer view byte stride should be declared for vertex attributes. Assuming packed data and reading anyway.
WARNING: glTF import: Buffer view byte stride should be declared for vertex attributes. Assuming packed data and reading anyway.
WARNING: glTF import: Buffer view byte stride should be declared for vertex attributes. Assuming packed data and reading anyway.
WARNING: glTF import: Buffer view byte stride should be declared for vertex attributes. Assuming packed data and reading anyway.
WARNING: glTF import: Buffer view byte stride should be declared for vertex attributes. Assuming packed data and reading anyway.
WARNING: glTF import: Buffer view byte stride should be declared for vertex attributes. Assuming packed data and reading anyway.
WARNING: glTF import: Buffer view byte stride should be declared for vertex attributes. Assuming packed data and reading anyway.
WARNING: glTF import: Buffer view byte stride should be declared for vertex attributes. Assuming packed data and reading anyway.
WARNING: glTF import: Buffer view byte stride should be declared for vertex attributes. Assuming packed data and reading anyway.
WARNING: glTF import: Buffer view byte stride should be declared for vertex attributes. Assuming packed data and reading anyway.
glTF: Total meshes: 1
glTF: Creating mesh for: sm_archive_bookcase
Loading resource: res://art/materials/m_dark_walnut.tres remapped: res://art/materials/m_dark_walnut.tres
Loading resource: res://art/textures/material_library/t_dark_walnut_albedo.png remapped: res://art/textures/material_library/t_dark_walnut_albedo.png
Loading resource: res://.godot/imported/t_dark_walnut_albedo.png-eeb53fd26080333269d26f1244156de6.s3tc.ctex remapped: res://.godot/imported/t_dark_walnut_albedo.png-eeb53fd26080333269d26f1244156de6.s3tc.ctex
Completed load for: 'res://art/textures/material_library/t_dark_walnut_albedo.png' remapped 'res://art/textures/material_library/t_dark_walnut_albedo.png' at thread -1
Loading resource: res://art/textures/material_library/t_dark_walnut_normal.png remapped: res://art/textures/material_library/t_dark_walnut_normal.png
Loading resource: res://.godot/imported/t_dark_walnut_normal.png-0da8c0cbc718834a50d80f1e10dd6f67.s3tc.ctex remapped: res://.godot/imported/t_dark_walnut_normal.png-0da8c0cbc718834a50d80f1e10dd6f67.s3tc.ctex
Completed load for: 'res://art/textures/material_library/t_dark_walnut_normal.png' remapped 'res://art/textures/material_library/t_dark_walnut_normal.png' at thread -1
Loading resource: res://art/textures/material_library/t_dark_walnut_orm.png remapped: res://art/textures/material_library/t_dark_walnut_orm.png
Loading resource: res://.godot/imported/t_dark_walnut_orm.png-80714522fb65226a649b9a39ea999577.s3tc.ctex remapped: res://.godot/imported/t_dark_walnut_orm.png-80714522fb65226a649b9a39ea999577.s3tc.ctex
Completed load for: 'res://art/textures/material_library/t_dark_walnut_orm.png' remapped 'res://art/textures/material_library/t_dark_walnut_orm.png' at thread -1
Completed load for: 'res://art/materials/m_dark_walnut.tres' remapped 'res://art/materials/m_dark_walnut.tres' at thread -1
Loading resource: res://art/materials/m_aged_brass.tres remapped: res://art/materials/m_aged_brass.tres
Loading resource: res://art/textures/material_library/t_aged_brass_albedo.png remapped: res://art/textures/material_library/t_aged_brass_albedo.png
Loading resource: res://.godot/imported/t_aged_brass_albedo.png-abc56163ac1f88b0fdc87aa9855967f6.bptc.ctex remapped: res://.godot/imported/t_aged_brass_albedo.png-abc56163ac1f88b0fdc87aa9855967f6.bptc.ctex
Completed load for: 'res://art/textures/material_library/t_aged_brass_albedo.png' remapped 'res://art/textures/material_library/t_aged_brass_albedo.png' at thread -1
Loading resource: res://art/textures/material_library/t_aged_brass_normal.png remapped: res://art/textures/material_library/t_aged_brass_normal.png
Loading resource: res://.godot/imported/t_aged_brass_normal.png-8e39d8996b346af431d3dca26c806cc9.s3tc.ctex remapped: res://.godot/imported/t_aged_brass_normal.png-8e39d8996b346af431d3dca26c806cc9.s3tc.ctex
Completed load for: 'res://art/textures/material_library/t_aged_brass_normal.png' remapped 'res://art/textures/material_library/t_aged_brass_normal.png' at thread -1
Loading resource: res://art/textures/material_library/t_aged_brass_orm.png remapped: res://art/textures/material_library/t_aged_brass_orm.png
Loading resource: res://.godot/imported/t_aged_brass_orm.png-3d326ed2e26256e8095984503e4be2d1.bptc.ctex remapped: res://.godot/imported/t_aged_brass_orm.png-3d326ed2e26256e8095984503e4be2d1.bptc.ctex
Completed load for: 'res://art/textures/material_library/t_aged_brass_orm.png' remapped 'res://art/textures/material_library/t_aged_brass_orm.png' at thread -1
Completed load for: 'res://art/materials/m_aged_brass.tres' remapped 'res://art/materials/m_aged_brass.tres' at thread -1
Loading resource: res://art/materials/m_aged_leather.tres remapped: res://art/materials/m_aged_leather.tres
Loading resource: res://art/textures/material_library/t_aged_leather_albedo.png remapped: res://art/textures/material_library/t_aged_leather_albedo.png
Loading resource: res://.godot/imported/t_aged_leather_albedo.png-547a925d2ff2a8d57a023e279c9b757e.s3tc.ctex remapped: res://.godot/imported/t_aged_leather_albedo.png-547a925d2ff2a8d57a023e279c9b757e.s3tc.ctex
Completed load for: 'res://art/textures/material_library/t_aged_leather_albedo.png' remapped 'res://art/textures/material_library/t_aged_leather_albedo.png' at thread -1
Loading resource: res://art/textures/material_library/t_aged_leather_normal.png remapped: res://art/textures/material_library/t_aged_leather_normal.png
Loading resource: res://.godot/imported/t_aged_leather_normal.png-72c0a2cba1dbf048d9b1a7f0905f2ddd.s3tc.ctex remapped: res://.godot/imported/t_aged_leather_normal.png-72c0a2cba1dbf048d9b1a7f0905f2ddd.s3tc.ctex
Completed load for: 'res://art/textures/material_library/t_aged_leather_normal.png' remapped 'res://art/textures/material_library/t_aged_leather_normal.png' at thread -1
Loading resource: res://art/textures/material_library/t_aged_leather_orm.png remapped: res://art/textures/material_library/t_aged_leather_orm.png
Loading resource: res://.godot/imported/t_aged_leather_orm.png-2a959c802b1b29b54928fc039c4ec264.s3tc.ctex remapped: res://.godot/imported/t_aged_leather_orm.png-2a959c802b1b29b54928fc039c4ec264.s3tc.ctex
Completed load for: 'res://art/textures/material_library/t_aged_leather_orm.png' remapped 'res://art/textures/material_library/t_aged_leather_orm.png' at thread -1
Completed load for: 'res://art/materials/m_aged_leather.tres' remapped 'res://art/materials/m_aged_leather.tres' at thread -1
Loading resource: res://art/materials/m_archive_parchment.tres remapped: res://art/materials/m_archive_parchment.tres
Completed load for: 'res://art/materials/m_archive_parchment.tres' remapped 'res://art/materials/m_archive_parchment.tres' at thread -1
Loading resource: res://art/materials/m_navy_textile.tres remapped: res://art/materials/m_navy_textile.tres
Loading resource: res://art/textures/material_library/t_woven_textile_albedo.png remapped: res://art/textures/material_library/t_woven_textile_albedo.png
Loading resource: res://.godot/imported/t_woven_textile_albedo.png-9e29b4e83b199f138d1df37fac0d7268.s3tc.ctex remapped: res://.godot/imported/t_woven_textile_albedo.png-9e29b4e83b199f138d1df37fac0d7268.s3tc.ctex
Completed load for: 'res://art/textures/material_library/t_woven_textile_albedo.png' remapped 'res://art/textures/material_library/t_woven_textile_albedo.png' at thread -1
Loading resource: res://art/textures/material_library/t_woven_textile_normal.png remapped: res://art/textures/material_library/t_woven_textile_normal.png
Loading resource: res://.godot/imported/t_woven_textile_normal.png-3c03783a156691d57565b008a8be7444.s3tc.ctex remapped: res://.godot/imported/t_woven_textile_normal.png-3c03783a156691d57565b008a8be7444.s3tc.ctex
Completed load for: 'res://art/textures/material_library/t_woven_textile_normal.png' remapped 'res://art/textures/material_library/t_woven_textile_normal.png' at thread -1
Loading resource: res://art/textures/material_library/t_woven_textile_orm.png remapped: res://art/textures/material_library/t_woven_textile_orm.png
Loading resource: res://.godot/imported/t_woven_textile_orm.png-0973fdd338724e02d2a305aa9ff5826a.s3tc.ctex remapped: res://.godot/imported/t_woven_textile_orm.png-0973fdd338724e02d2a305aa9ff5826a.s3tc.ctex
Completed load for: 'res://art/textures/material_library/t_woven_textile_orm.png' remapped 'res://art/textures/material_library/t_woven_textile_orm.png' at thread -1
Completed load for: 'res://art/materials/m_navy_textile.tres' remapped 'res://art/materials/m_navy_textile.tres' at thread -1
Loading resource: res://art/materials/m_crimson_textile.tres remapped: res://art/materials/m_crimson_textile.tres
Completed load for: 'res://art/materials/m_crimson_textile.tres' remapped 'res://art/materials/m_crimson_textile.tres' at thread -1
[   1% ] [90m[1mimport[22m | Running Custom Script...[39m[0m
[  99% ] [90m[1mimport[22m | Saving...[39m[0m
Saving scene to: res://.godot/imported/sm_archive_bookcase.glb-e7420483fe0bf14bc8aefaa9f4c2fc15.scn
[92m[ DONE ][39m [1mimport[22m
[0m
EditorFileSystem: "res://art/meshes/archive_kit/sm_archive_bookcase.glb" import took 29 ms.
[  71% ] [90m[1mreimport[22m | sm_archive_arch_4m.glb[39m[0m
EditorFileSystem: Importing file: res://art/meshes/archive_kit/sm_archive_arch_4m.glb
[   0% ] [90m[1mimport[22m | Started Import Scene (104 steps)[39m[0m
[   0% ] [90m[1mimport[22m | Importing Scene...[39m[0m
glTF: Total buffers: 1
glTF: Total buffer views: 10
glTF: Total accessors: 10
Total materials: 2
glTF: Parsing mesh: 0
WARNING: glTF import: Buffer view byte stride should be declared for vertex attributes. Assuming packed data and reading anyway.
WARNING: glTF import: Buffer view byte stride should be declared for vertex attributes. Assuming packed data and reading anyway.
WARNING: glTF import: Buffer view byte stride should be declared for vertex attributes. Assuming packed data and reading anyway.
WARNING: glTF import: Buffer view byte stride should be declared for vertex attributes. Assuming packed data and reading anyway.
WARNING: glTF import: Buffer view byte stride should be declared for vertex attributes. Assuming packed data and reading anyway.
WARNING: glTF import: Buffer view byte stride should be declared for vertex attributes. Assuming packed data and reading anyway.
WARNING: glTF import: Buffer view byte stride should be declared for vertex attributes. Assuming packed data and reading anyway.
WARNING: glTF import: Buffer view byte stride should be declared for vertex attributes. Assuming packed data and reading anyway.
WARNING: glTF import: Buffer view byte stride should be declared for vertex attributes. Assuming packed data and reading anyway.
WARNING: glTF import: Buffer view byte stride should be declared for vertex attributes. Assuming packed data and reading anyway.
glTF: Total meshes: 1
glTF: Creating mesh for: sm_archive_arch_4m
Loading resource: res://art/materials/m_observatory_stone.tres remapped: res://art/materials/m_observatory_stone.tres
Loading resource: res://art/textures/material_library/t_observatory_stone_albedo.png remapped: res://art/textures/material_library/t_observatory_stone_albedo.png
Loading resource: res://.godot/imported/t_observatory_stone_albedo.png-43349643c0875f5ace3ffdb2d210c57f.s3tc.ctex remapped: res://.godot/imported/t_observatory_stone_albedo.png-43349643c0875f5ace3ffdb2d210c57f.s3tc.ctex
Completed load for: 'res://art/textures/material_library/t_observatory_stone_albedo.png' remapped 'res://art/textures/material_library/t_observatory_stone_albedo.png' at thread -1
Loading resource: res://art/textures/material_library/t_observatory_stone_normal.png remapped: res://art/textures/material_library/t_observatory_stone_normal.png
Loading resource: res://.godot/imported/t_observatory_stone_normal.png-47e0f6bff75f2896b77ed27a272dde2f.s3tc.ctex remapped: res://.godot/imported/t_observatory_stone_normal.png-47e0f6bff75f2896b77ed27a272dde2f.s3tc.ctex
Completed load for: 'res://art/textures/material_library/t_observatory_stone_normal.png' remapped 'res://art/textures/material_library/t_observatory_stone_normal.png' at thread -1
Loading resource: res://art/textures/material_library/t_observatory_stone_orm.png remapped: res://art/textures/material_library/t_observatory_stone_orm.png
Loading resource: res://.godot/imported/t_observatory_stone_orm.png-4da19abca2400c1ea60157ddc8b2fe43.s3tc.ctex remapped: res://.godot/imported/t_observatory_stone_orm.png-4da19abca2400c1ea60157ddc8b2fe43.s3tc.ctex
Completed load for: 'res://art/textures/material_library/t_observatory_stone_orm.png' remapped 'res://art/textures/material_library/t_observatory_stone_orm.png' at thread -1
Completed load for: 'res://art/materials/m_observatory_stone.tres' remapped 'res://art/materials/m_observatory_stone.tres' at thread -1
Loading resource: res://art/materials/m_aged_brass.tres remapped: res://art/materials/m_aged_brass.tres
Loading resource: res://art/textures/material_library/t_aged_brass_albedo.png remapped: res://art/textures/material_library/t_aged_brass_albedo.png
Loading resource: res://.godot/imported/t_aged_brass_albedo.png-abc56163ac1f88b0fdc87aa9855967f6.bptc.ctex remapped: res://.godot/imported/t_aged_brass_albedo.png-abc56163ac1f88b0fdc87aa9855967f6.bptc.ctex
Completed load for: 'res://art/textures/material_library/t_aged_brass_albedo.png' remapped 'res://art/textures/material_library/t_aged_brass_albedo.png' at thread -1
Loading resource: res://art/textures/material_library/t_aged_brass_normal.png remapped: res://art/textures/material_library/t_aged_brass_normal.png
Loading resource: res://.godot/imported/t_aged_brass_normal.png-8e39d8996b346af431d3dca26c806cc9.s3tc.ctex remapped: res://.godot/imported/t_aged_brass_normal.png-8e39d8996b346af431d3dca26c806cc9.s3tc.ctex
Completed load for: 'res://art/textures/material_library/t_aged_brass_normal.png' remapped 'res://art/textures/material_library/t_aged_brass_normal.png' at thread -1
Loading resource: res://art/textures/material_library/t_aged_brass_orm.png remapped: res://art/textures/material_library/t_aged_brass_orm.png
Loading resource: res://.godot/imported/t_aged_brass_orm.png-3d326ed2e26256e8095984503e4be2d1.bptc.ctex remapped: res://.godot/imported/t_aged_brass_orm.png-3d326ed2e26256e8095984503e4be2d1.bptc.ctex
Completed load for: 'res://art/textures/material_library/t_aged_brass_orm.png' remapped 'res://art/textures/material_library/t_aged_brass_orm.png' at thread -1
Completed load for: 'res://art/materials/m_aged_brass.tres' remapped 'res://art/materials/m_aged_brass.tres' at thread -1
[   1% ] [90m[1mimport[22m | Running Custom Script...[39m[0m
[  99% ] [90m[1mimport[22m | Saving...[39m[0m
Saving scene to: res://.godot/imported/sm_archive_arch_4m.glb-ef169cda85430380b40421ea06abee76.scn
[92m[ DONE ][39m [1mimport[22m
[0m
EditorFileSystem: "res://art/meshes/archive_kit/sm_archive_arch_4m.glb" import took 14 ms.
[  72% ] [90m[1mreimport[22m | sm_wing01_ceiling_transition.glb[39m[0m
EditorFileSystem: Importing file: res://art/meshes/archive_kit/sm_wing01_ceiling_transition.glb
[   0% ] [90m[1mimport[22m | Started Import Scene (104 steps)[39m[0m
[   0% ] [90m[1mimport[22m | Importing Scene...[39m[0m
glTF: Total buffers: 1
glTF: Total buffer views: 15
glTF: Total accessors: 15
Total materials: 3
glTF: Parsing mesh: 0
WARNING: glTF import: Buffer view byte stride should be declared for vertex attributes. Assuming packed data and reading anyway.
WARNING: glTF import: Buffer view byte stride should be declared for vertex attributes. Assuming packed data and reading anyway.
WARNING: glTF import: Buffer view byte stride should be declared for vertex attributes. Assuming packed data and reading anyway.
WARNING: glTF import: Buffer view byte stride should be declared for vertex attributes. Assuming packed data and reading anyway.
WARNING: glTF import: Buffer view byte stride should be declared for vertex attributes. Assuming packed data and reading anyway.
WARNING: glTF import: Buffer view byte stride should be declared for vertex attributes. Assuming packed data and reading anyway.
WARNING: glTF import: Buffer view byte stride should be declared for vertex attributes. Assuming packed data and reading anyway.
WARNING: glTF import: Buffer view byte stride should be declared for vertex attributes. Assuming packed data and reading anyway.
WARNING: glTF import: Buffer view byte stride should be declared for vertex attributes. Assuming packed data and reading anyway.
WARNING: glTF import: Buffer view byte stride should be declared for vertex attributes. Assuming packed data and reading anyway.
WARNING: glTF import: Buffer view byte stride should be declared for vertex attributes. Assuming packed data and reading anyway.
WARNING: glTF import: Buffer view byte stride should be declared for vertex attributes. Assuming packed data and reading anyway.
WARNING: glTF import: Buffer view byte stride should be declared for vertex attributes. Assuming packed data and reading anyway.
WARNING: glTF import: Buffer view byte stride should be declared for vertex attributes. Assuming packed data and reading anyway.
WARNING: glTF import: Buffer view byte stride should be declared for vertex attributes. Assuming packed data and reading anyway.
glTF: Total meshes: 1
glTF: Creating mesh for: sm_wing01_ceiling_transition
Loading resource: res://art/materials/m_observatory_stone.tres remapped: res://art/materials/m_observatory_stone.tres
Loading resource: res://art/textures/material_library/t_observatory_stone_albedo.png remapped: res://art/textures/material_library/t_observatory_stone_albedo.png
Loading resource: res://.godot/imported/t_observatory_stone_albedo.png-43349643c0875f5ace3ffdb2d210c57f.s3tc.ctex remapped: res://.godot/imported/t_observatory_stone_albedo.png-43349643c0875f5ace3ffdb2d210c57f.s3tc.ctex
Completed load for: 'res://art/textures/material_library/t_observatory_stone_albedo.png' remapped 'res://art/textures/material_library/t_observatory_stone_albedo.png' at thread -1
Loading resource: res://art/textures/material_library/t_observatory_stone_normal.png remapped: res://art/textures/material_library/t_observatory_stone_normal.png
Loading resource: res://.godot/imported/t_observatory_stone_normal.png-47e0f6bff75f2896b77ed27a272dde2f.s3tc.ctex remapped: res://.godot/imported/t_observatory_stone_normal.png-47e0f6bff75f2896b77ed27a272dde2f.s3tc.ctex
Completed load for: 'res://art/textures/material_library/t_observatory_stone_normal.png' remapped 'res://art/textures/material_library/t_observatory_stone_normal.png' at thread -1
Loading resource: res://art/textures/material_library/t_observatory_stone_orm.png remapped: res://art/textures/material_library/t_observatory_stone_orm.png
Loading resource: res://.godot/imported/t_observatory_stone_orm.png-4da19abca2400c1ea60157ddc8b2fe43.s3tc.ctex remapped: res://.godot/imported/t_observatory_stone_orm.png-4da19abca2400c1ea60157ddc8b2fe43.s3tc.ctex
Completed load for: 'res://art/textures/material_library/t_observatory_stone_orm.png' remapped 'res://art/textures/material_library/t_observatory_stone_orm.png' at thread -1
Completed load for: 'res://art/materials/m_observatory_stone.tres' remapped 'res://art/materials/m_observatory_stone.tres' at thread -1
Loading resource: res://art/materials/m_dark_iron.tres remapped: res://art/materials/m_dark_iron.tres
Loading resource: res://art/textures/material_library/t_dark_iron_albedo.png remapped: res://art/textures/material_library/t_dark_iron_albedo.png
Loading resource: res://.godot/imported/t_dark_iron_albedo.png-66c578930998aa52cde4476e849cd53e.bptc.ctex remapped: res://.godot/imported/t_dark_iron_albedo.png-66c578930998aa52cde4476e849cd53e.bptc.ctex
Completed load for: 'res://art/textures/material_library/t_dark_iron_albedo.png' remapped 'res://art/textures/material_library/t_dark_iron_albedo.png' at thread -1
Loading resource: res://art/textures/material_library/t_dark_iron_normal.png remapped: res://art/textures/material_library/t_dark_iron_normal.png
Loading resource: res://.godot/imported/t_dark_iron_normal.png-b114b4c4e436e88cf9c30b356a3fdc97.s3tc.ctex remapped: res://.godot/imported/t_dark_iron_normal.png-b114b4c4e436e88cf9c30b356a3fdc97.s3tc.ctex
Completed load for: 'res://art/textures/material_library/t_dark_iron_normal.png' remapped 'res://art/textures/material_library/t_dark_iron_normal.png' at thread -1
Loading resource: res://art/textures/material_library/t_dark_iron_orm.png remapped: res://art/textures/material_library/t_dark_iron_orm.png
Loading resource: res://.godot/imported/t_dark_iron_orm.png-26d916cff2f6d9ab53816438c312c0a3.bptc.ctex remapped: res://.godot/imported/t_dark_iron_orm.png-26d916cff2f6d9ab53816438c312c0a3.bptc.ctex
Completed load for: 'res://art/textures/material_library/t_dark_iron_orm.png' remapped 'res://art/textures/material_library/t_dark_iron_orm.png' at thread -1
Completed load for: 'res://art/materials/m_dark_iron.tres' remapped 'res://art/materials/m_dark_iron.tres' at thread -1
Loading resource: res://art/materials/m_aged_brass.tres remapped: res://art/materials/m_aged_brass.tres
Loading resource: res://art/textures/material_library/t_aged_brass_albedo.png remapped: res://art/textures/material_library/t_aged_brass_albedo.png
Loading resource: res://.godot/imported/t_aged_brass_albedo.png-abc56163ac1f88b0fdc87aa9855967f6.bptc.ctex remapped: res://.godot/imported/t_aged_brass_albedo.png-abc56163ac1f88b0fdc87aa9855967f6.bptc.ctex
Completed load for: 'res://art/textures/material_library/t_aged_brass_albedo.png' remapped 'res://art/textures/material_library/t_aged_brass_albedo.png' at thread -1
Loading resource: res://art/textures/material_library/t_aged_brass_normal.png remapped: res://art/textures/material_library/t_aged_brass_normal.png
Loading resource: res://.godot/imported/t_aged_brass_normal.png-8e39d8996b346af431d3dca26c806cc9.s3tc.ctex remapped: res://.godot/imported/t_aged_brass_normal.png-8e39d8996b346af431d3dca26c806cc9.s3tc.ctex
Completed load for: 'res://art/textures/material_library/t_aged_brass_normal.png' remapped 'res://art/textures/material_library/t_aged_brass_normal.png' at thread -1
Loading resource: res://art/textures/material_library/t_aged_brass_orm.png remapped: res://art/textures/material_library/t_aged_brass_orm.png
Loading resource: res://.godot/imported/t_aged_brass_orm.png-3d326ed2e26256e8095984503e4be2d1.bptc.ctex remapped: res://.godot/imported/t_aged_brass_orm.png-3d326ed2e26256e8095984503e4be2d1.bptc.ctex
Completed load for: 'res://art/textures/material_library/t_aged_brass_orm.png' remapped 'res://art/textures/material_library/t_aged_brass_orm.png' at thread -1
Completed load for: 'res://art/materials/m_aged_brass.tres' remapped 'res://art/materials/m_aged_brass.tres' at thread -1
[   1% ] [90m[1mimport[22m | Running Custom Script...[39m[0m
[  99% ] [90m[1mimport[22m | Saving...[39m[0m
Saving scene to: res://.godot/imported/sm_wing01_ceiling_transition.glb-836e00c0ad08ed92ec09070fb07a7529.scn
[92m[ DONE ][39m [1mimport[22m
[0m
EditorFileSystem: "res://art/meshes/archive_kit/sm_wing01_ceiling_transition.glb" import took 20 ms.
[  74% ] [90m[1mreimport[22m | sm_wing01_ceiling_rib_12m.glb[39m[0m
EditorFileSystem: Importing file: res://art/meshes/archive_kit/sm_wing01_ceiling_rib_12m.glb
[   0% ] [90m[1mimport[22m | Started Import Scene (104 steps)[39m[0m
[   0% ] [90m[1mimport[22m | Importing Scene...[39m[0m
glTF: Total buffers: 1
glTF: Total buffer views: 15
glTF: Total accessors: 15
Total materials: 3
glTF: Parsing mesh: 0
WARNING: glTF import: Buffer view byte stride should be declared for vertex attributes. Assuming packed data and reading anyway.
WARNING: glTF import: Buffer view byte stride should be declared for vertex attributes. Assuming packed data and reading anyway.
WARNING: glTF import: Buffer view byte stride should be declared for vertex attributes. Assuming packed data and reading anyway.
WARNING: glTF import: Buffer view byte stride should be declared for vertex attributes. Assuming packed data and reading anyway.
WARNING: glTF import: Buffer view byte stride should be declared for vertex attributes. Assuming packed data and reading anyway.
WARNING: glTF import: Buffer view byte stride should be declared for vertex attributes. Assuming packed data and reading anyway.
WARNING: glTF import: Buffer view byte stride should be declared for vertex attributes. Assuming packed data and reading anyway.
WARNING: glTF import: Buffer view byte stride should be declared for vertex attributes. Assuming packed data and reading anyway.
WARNING: glTF import: Buffer view byte stride should be declared for vertex attributes. Assuming packed data and reading anyway.
WARNING: glTF import: Buffer view byte stride should be declared for vertex attributes. Assuming packed data and reading anyway.
WARNING: glTF import: Buffer view byte stride should be declared for vertex attributes. Assuming packed data and reading anyway.
WARNING: glTF import: Buffer view byte stride should be declared for vertex attributes. Assuming packed data and reading anyway.
WARNING: glTF import: Buffer view byte stride should be declared for vertex attributes. Assuming packed data and reading anyway.
WARNING: glTF import: Buffer view byte stride should be declared for vertex attributes. Assuming packed data and reading anyway.
WARNING: glTF import: Buffer view byte stride should be declared for vertex attributes. Assuming packed data and reading anyway.
glTF: Total meshes: 1
glTF: Creating mesh for: sm_wing01_ceiling_rib_12m
Loading resource: res://art/materials/m_observatory_stone.tres remapped: res://art/materials/m_observatory_stone.tres
Loading resource: res://art/textures/material_library/t_observatory_stone_albedo.png remapped: res://art/textures/material_library/t_observatory_stone_albedo.png
Loading resource: res://.godot/imported/t_observatory_stone_albedo.png-43349643c0875f5ace3ffdb2d210c57f.s3tc.ctex remapped: res://.godot/imported/t_observatory_stone_albedo.png-43349643c0875f5ace3ffdb2d210c57f.s3tc.ctex
Completed load for: 'res://art/textures/material_library/t_observatory_stone_albedo.png' remapped 'res://art/textures/material_library/t_observatory_stone_albedo.png' at thread -1
Loading resource: res://art/textures/material_library/t_observatory_stone_normal.png remapped: res://art/textures/material_library/t_observatory_stone_normal.png
Loading resource: res://.godot/imported/t_observatory_stone_normal.png-47e0f6bff75f2896b77ed27a272dde2f.s3tc.ctex remapped: res://.godot/imported/t_observatory_stone_normal.png-47e0f6bff75f2896b77ed27a272dde2f.s3tc.ctex
Completed load for: 'res://art/textures/material_library/t_observatory_stone_normal.png' remapped 'res://art/textures/material_library/t_observatory_stone_normal.png' at thread -1
Loading resource: res://art/textures/material_library/t_observatory_stone_orm.png remapped: res://art/textures/material_library/t_observatory_stone_orm.png
Loading resource: res://.godot/imported/t_observatory_stone_orm.png-4da19abca2400c1ea60157ddc8b2fe43.s3tc.ctex remapped: res://.godot/imported/t_observatory_stone_orm.png-4da19abca2400c1ea60157ddc8b2fe43.s3tc.ctex
Completed load for: 'res://art/textures/material_library/t_observatory_stone_orm.png' remapped 'res://art/textures/material_library/t_observatory_stone_orm.png' at thread -1
Completed load for: 'res://art/materials/m_observatory_stone.tres' remapped 'res://art/materials/m_observatory_stone.tres' at thread -1
Loading resource: res://art/materials/m_dark_iron.tres remapped: res://art/materials/m_dark_iron.tres
Loading resource: res://art/textures/material_library/t_dark_iron_albedo.png remapped: res://art/textures/material_library/t_dark_iron_albedo.png
Loading resource: res://.godot/imported/t_dark_iron_albedo.png-66c578930998aa52cde4476e849cd53e.bptc.ctex remapped: res://.godot/imported/t_dark_iron_albedo.png-66c578930998aa52cde4476e849cd53e.bptc.ctex
Completed load for: 'res://art/textures/material_library/t_dark_iron_albedo.png' remapped 'res://art/textures/material_library/t_dark_iron_albedo.png' at thread -1
Loading resource: res://art/textures/material_library/t_dark_iron_normal.png remapped: res://art/textures/material_library/t_dark_iron_normal.png
Loading resource: res://.godot/imported/t_dark_iron_normal.png-b114b4c4e436e88cf9c30b356a3fdc97.s3tc.ctex remapped: res://.godot/imported/t_dark_iron_normal.png-b114b4c4e436e88cf9c30b356a3fdc97.s3tc.ctex
Completed load for: 'res://art/textures/material_library/t_dark_iron_normal.png' remapped 'res://art/textures/material_library/t_dark_iron_normal.png' at thread -1
Loading resource: res://art/textures/material_library/t_dark_iron_orm.png remapped: res://art/textures/material_library/t_dark_iron_orm.png
Loading resource: res://.godot/imported/t_dark_iron_orm.png-26d916cff2f6d9ab53816438c312c0a3.bptc.ctex remapped: res://.godot/imported/t_dark_iron_orm.png-26d916cff2f6d9ab53816438c312c0a3.bptc.ctex
Completed load for: 'res://art/textures/material_library/t_dark_iron_orm.png' remapped 'res://art/textures/material_library/t_dark_iron_orm.png' at thread -1
Completed load for: 'res://art/materials/m_dark_iron.tres' remapped 'res://art/materials/m_dark_iron.tres' at thread -1
Loading resource: res://art/materials/m_aged_brass.tres remapped: res://art/materials/m_aged_brass.tres
Loading resource: res://art/textures/material_library/t_aged_brass_albedo.png remapped: res://art/textures/material_library/t_aged_brass_albedo.png
Loading resource: res://.godot/imported/t_aged_brass_albedo.png-abc56163ac1f88b0fdc87aa9855967f6.bptc.ctex remapped: res://.godot/imported/t_aged_brass_albedo.png-abc56163ac1f88b0fdc87aa9855967f6.bptc.ctex
Completed load for: 'res://art/textures/material_library/t_aged_brass_albedo.png' remapped 'res://art/textures/material_library/t_aged_brass_albedo.png' at thread -1
Loading resource: res://art/textures/material_library/t_aged_brass_normal.png remapped: res://art/textures/material_library/t_aged_brass_normal.png
Loading resource: res://.godot/imported/t_aged_brass_normal.png-8e39d8996b346af431d3dca26c806cc9.s3tc.ctex remapped: res://.godot/imported/t_aged_brass_normal.png-8e39d8996b346af431d3dca26c806cc9.s3tc.ctex
Completed load for: 'res://art/textures/material_library/t_aged_brass_normal.png' remapped 'res://art/textures/material_library/t_aged_brass_normal.png' at thread -1
Loading resource: res://art/textures/material_library/t_aged_brass_orm.png remapped: res://art/textures/material_library/t_aged_brass_orm.png
Loading resource: res://.godot/imported/t_aged_brass_orm.png-3d326ed2e26256e8095984503e4be2d1.bptc.ctex remapped: res://.godot/imported/t_aged_brass_orm.png-3d326ed2e26256e8095984503e4be2d1.bptc.ctex
Completed load for: 'res://art/textures/material_library/t_aged_brass_orm.png' remapped 'res://art/textures/material_library/t_aged_brass_orm.png' at thread -1
Completed load for: 'res://art/materials/m_aged_brass.tres' remapped 'res://art/materials/m_aged_brass.tres' at thread -1
[   1% ] [90m[1mimport[22m | Running Custom Script...[39m[0m
[  99% ] [90m[1mimport[22m | Saving...[39m[0m
Saving scene to: res://.godot/imported/sm_wing01_ceiling_rib_12m.glb-07722fbe342b9767c373469d51669bcf.scn
[92m[ DONE ][39m [1mimport[22m
[0m
EditorFileSystem: "res://art/meshes/archive_kit/sm_wing01_ceiling_rib_12m.glb" import took 20 ms.
[  75% ] [90m[1mreimport[22m | sm_wing01_ceiling_rib_10m.glb[39m[0m
EditorFileSystem: Importing file: res://art/meshes/archive_kit/sm_wing01_ceiling_rib_10m.glb
[   0% ] [90m[1mimport[22m | Started Import Scene (104 steps)[39m[0m
[   0% ] [90m[1mimport[22m | Importing Scene...[39m[0m
glTF: Total buffers: 1
glTF: Total buffer views: 15
glTF: Total accessors: 15
Total materials: 3
glTF: Parsing mesh: 0
WARNING: glTF import: Buffer view byte stride should be declared for vertex attributes. Assuming packed data and reading anyway.
WARNING: glTF import: Buffer view byte stride should be declared for vertex attributes. Assuming packed data and reading anyway.
WARNING: glTF import: Buffer view byte stride should be declared for vertex attributes. Assuming packed data and reading anyway.
WARNING: glTF import: Buffer view byte stride should be declared for vertex attributes. Assuming packed data and reading anyway.
WARNING: glTF import: Buffer view byte stride should be declared for vertex attributes. Assuming packed data and reading anyway.
WARNING: glTF import: Buffer view byte stride should be declared for vertex attributes. Assuming packed data and reading anyway.
WARNING: glTF import: Buffer view byte stride should be declared for vertex attributes. Assuming packed data and reading anyway.
WARNING: glTF import: Buffer view byte stride should be declared for vertex attributes. Assuming packed data and reading anyway.
WARNING: glTF import: Buffer view byte stride should be declared for vertex attributes. Assuming packed data and reading anyway.
WARNING: glTF import: Buffer view byte stride should be declared for vertex attributes. Assuming packed data and reading anyway.
WARNING: glTF import: Buffer view byte stride should be declared for vertex attributes. Assuming packed data and reading anyway.
WARNING: glTF import: Buffer view byte stride should be declared for vertex attributes. Assuming packed data and reading anyway.
WARNING: glTF import: Buffer view byte stride should be declared for vertex attributes. Assuming packed data and reading anyway.
WARNING: glTF import: Buffer view byte stride should be declared for vertex attributes. Assuming packed data and reading anyway.
WARNING: glTF import: Buffer view byte stride should be declared for vertex attributes. Assuming packed data and reading anyway.
glTF: Total meshes: 1
glTF: Creating mesh for: sm_wing01_ceiling_rib_10m
Loading resource: res://art/materials/m_observatory_stone.tres remapped: res://art/materials/m_observatory_stone.tres
Loading resource: res://art/textures/material_library/t_observatory_stone_albedo.png remapped: res://art/textures/material_library/t_observatory_stone_albedo.png
Loading resource: res://.godot/imported/t_observatory_stone_albedo.png-43349643c0875f5ace3ffdb2d210c57f.s3tc.ctex remapped: res://.godot/imported/t_observatory_stone_albedo.png-43349643c0875f5ace3ffdb2d210c57f.s3tc.ctex
Completed load for: 'res://art/textures/material_library/t_observatory_stone_albedo.png' remapped 'res://art/textures/material_library/t_observatory_stone_albedo.png' at thread -1
Loading resource: res://art/textures/material_library/t_observatory_stone_normal.png remapped: res://art/textures/material_library/t_observatory_stone_normal.png
Loading resource: res://.godot/imported/t_observatory_stone_normal.png-47e0f6bff75f2896b77ed27a272dde2f.s3tc.ctex remapped: res://.godot/imported/t_observatory_stone_normal.png-47e0f6bff75f2896b77ed27a272dde2f.s3tc.ctex
Completed load for: 'res://art/textures/material_library/t_observatory_stone_normal.png' remapped 'res://art/textures/material_library/t_observatory_stone_normal.png' at thread -1
Loading resource: res://art/textures/material_library/t_observatory_stone_orm.png remapped: res://art/textures/material_library/t_observatory_stone_orm.png
Loading resource: res://.godot/imported/t_observatory_stone_orm.png-4da19abca2400c1ea60157ddc8b2fe43.s3tc.ctex remapped: res://.godot/imported/t_observatory_stone_orm.png-4da19abca2400c1ea60157ddc8b2fe43.s3tc.ctex
Completed load for: 'res://art/textures/material_library/t_observatory_stone_orm.png' remapped 'res://art/textures/material_library/t_observatory_stone_orm.png' at thread -1
Completed load for: 'res://art/materials/m_observatory_stone.tres' remapped 'res://art/materials/m_observatory_stone.tres' at thread -1
Loading resource: res://art/materials/m_dark_iron.tres remapped: res://art/materials/m_dark_iron.tres
Loading resource: res://art/textures/material_library/t_dark_iron_albedo.png remapped: res://art/textures/material_library/t_dark_iron_albedo.png
Loading resource: res://.godot/imported/t_dark_iron_albedo.png-66c578930998aa52cde4476e849cd53e.bptc.ctex remapped: res://.godot/imported/t_dark_iron_albedo.png-66c578930998aa52cde4476e849cd53e.bptc.ctex
Completed load for: 'res://art/textures/material_library/t_dark_iron_albedo.png' remapped 'res://art/textures/material_library/t_dark_iron_albedo.png' at thread -1
Loading resource: res://art/textures/material_library/t_dark_iron_normal.png remapped: res://art/textures/material_library/t_dark_iron_normal.png
Loading resource: res://.godot/imported/t_dark_iron_normal.png-b114b4c4e436e88cf9c30b356a3fdc97.s3tc.ctex remapped: res://.godot/imported/t_dark_iron_normal.png-b114b4c4e436e88cf9c30b356a3fdc97.s3tc.ctex
Completed load for: 'res://art/textures/material_library/t_dark_iron_normal.png' remapped 'res://art/textures/material_library/t_dark_iron_normal.png' at thread -1
Loading resource: res://art/textures/material_library/t_dark_iron_orm.png remapped: res://art/textures/material_library/t_dark_iron_orm.png
Loading resource: res://.godot/imported/t_dark_iron_orm.png-26d916cff2f6d9ab53816438c312c0a3.bptc.ctex remapped: res://.godot/imported/t_dark_iron_orm.png-26d916cff2f6d9ab53816438c312c0a3.bptc.ctex
Completed load for: 'res://art/textures/material_library/t_dark_iron_orm.png' remapped 'res://art/textures/material_library/t_dark_iron_orm.png' at thread -1
Completed load for: 'res://art/materials/m_dark_iron.tres' remapped 'res://art/materials/m_dark_iron.tres' at thread -1
Loading resource: res://art/materials/m_aged_brass.tres remapped: res://art/materials/m_aged_brass.tres
Loading resource: res://art/textures/material_library/t_aged_brass_albedo.png remapped: res://art/textures/material_library/t_aged_brass_albedo.png
Loading resource: res://.godot/imported/t_aged_brass_albedo.png-abc56163ac1f88b0fdc87aa9855967f6.bptc.ctex remapped: res://.godot/imported/t_aged_brass_albedo.png-abc56163ac1f88b0fdc87aa9855967f6.bptc.ctex
Completed load for: 'res://art/textures/material_library/t_aged_brass_albedo.png' remapped 'res://art/textures/material_library/t_aged_brass_albedo.png' at thread -1
Loading resource: res://art/textures/material_library/t_aged_brass_normal.png remapped: res://art/textures/material_library/t_aged_brass_normal.png
Loading resource: res://.godot/imported/t_aged_brass_normal.png-8e39d8996b346af431d3dca26c806cc9.s3tc.ctex remapped: res://.godot/imported/t_aged_brass_normal.png-8e39d8996b346af431d3dca26c806cc9.s3tc.ctex
Completed load for: 'res://art/textures/material_library/t_aged_brass_normal.png' remapped 'res://art/textures/material_library/t_aged_brass_normal.png' at thread -1
Loading resource: res://art/textures/material_library/t_aged_brass_orm.png remapped: res://art/textures/material_library/t_aged_brass_orm.png
Loading resource: res://.godot/imported/t_aged_brass_orm.png-3d326ed2e26256e8095984503e4be2d1.bptc.ctex remapped: res://.godot/imported/t_aged_brass_orm.png-3d326ed2e26256e8095984503e4be2d1.bptc.ctex
Completed load for: 'res://art/textures/material_library/t_aged_brass_orm.png' remapped 'res://art/textures/material_library/t_aged_brass_orm.png' at thread -1
Completed load for: 'res://art/materials/m_aged_brass.tres' remapped 'res://art/materials/m_aged_brass.tres' at thread -1
[   1% ] [90m[1mimport[22m | Running Custom Script...[39m[0m
[  99% ] [90m[1mimport[22m | Saving...[39m[0m
Saving scene to: res://.godot/imported/sm_wing01_ceiling_rib_10m.glb-7a632d934a45d91e566b0000c72daf31.scn
[92m[ DONE ][39m [1mimport[22m
[0m
EditorFileSystem: "res://art/meshes/archive_kit/sm_wing01_ceiling_rib_10m.glb" import took 17 ms.
[  77% ] [90m[1mreimport[22m | sm_s01_starting_lens.glb[39m[0m
EditorFileSystem: Importing file: res://art/meshes/archive_kit/sm_s01_starting_lens.glb
[   0% ] [90m[1mimport[22m | Started Import Scene (104 steps)[39m[0m
[   0% ] [90m[1mimport[22m | Importing Scene...[39m[0m
glTF: Total buffers: 1
glTF: Total buffer views: 10
glTF: Total accessors: 10
Total materials: 2
glTF: Parsing mesh: 0
WARNING: glTF import: Buffer view byte stride should be declared for vertex attributes. Assuming packed data and reading anyway.
WARNING: glTF import: Buffer view byte stride should be declared for vertex attributes. Assuming packed data and reading anyway.
WARNING: glTF import: Buffer view byte stride should be declared for vertex attributes. Assuming packed data and reading anyway.
WARNING: glTF import: Buffer view byte stride should be declared for vertex attributes. Assuming packed data and reading anyway.
WARNING: glTF import: Buffer view byte stride should be declared for vertex attributes. Assuming packed data and reading anyway.
WARNING: glTF import: Buffer view byte stride should be declared for vertex attributes. Assuming packed data and reading anyway.
WARNING: glTF import: Buffer view byte stride should be declared for vertex attributes. Assuming packed data and reading anyway.
WARNING: glTF import: Buffer view byte stride should be declared for vertex attributes. Assuming packed data and reading anyway.
WARNING: glTF import: Buffer view byte stride should be declared for vertex attributes. Assuming packed data and reading anyway.
WARNING: glTF import: Buffer view byte stride should be declared for vertex attributes. Assuming packed data and reading anyway.
glTF: Total meshes: 1
glTF: Creating mesh for: sm_s01_starting_lens
Loading resource: res://art/materials/m_aged_brass.tres remapped: res://art/materials/m_aged_brass.tres
Loading resource: res://art/textures/material_library/t_aged_brass_albedo.png remapped: res://art/textures/material_library/t_aged_brass_albedo.png
Loading resource: res://.godot/imported/t_aged_brass_albedo.png-abc56163ac1f88b0fdc87aa9855967f6.bptc.ctex remapped: res://.godot/imported/t_aged_brass_albedo.png-abc56163ac1f88b0fdc87aa9855967f6.bptc.ctex
Completed load for: 'res://art/textures/material_library/t_aged_brass_albedo.png' remapped 'res://art/textures/material_library/t_aged_brass_albedo.png' at thread -1
Loading resource: res://art/textures/material_library/t_aged_brass_normal.png remapped: res://art/textures/material_library/t_aged_brass_normal.png
Loading resource: res://.godot/imported/t_aged_brass_normal.png-8e39d8996b346af431d3dca26c806cc9.s3tc.ctex remapped: res://.godot/imported/t_aged_brass_normal.png-8e39d8996b346af431d3dca26c806cc9.s3tc.ctex
Completed load for: 'res://art/textures/material_library/t_aged_brass_normal.png' remapped 'res://art/textures/material_library/t_aged_brass_normal.png' at thread -1
Loading resource: res://art/textures/material_library/t_aged_brass_orm.png remapped: res://art/textures/material_library/t_aged_brass_orm.png
Loading resource: res://.godot/imported/t_aged_brass_orm.png-3d326ed2e26256e8095984503e4be2d1.bptc.ctex remapped: res://.godot/imported/t_aged_brass_orm.png-3d326ed2e26256e8095984503e4be2d1.bptc.ctex
Completed load for: 'res://art/textures/material_library/t_aged_brass_orm.png' remapped 'res://art/textures/material_library/t_aged_brass_orm.png' at thread -1
Completed load for: 'res://art/materials/m_aged_brass.tres' remapped 'res://art/materials/m_aged_brass.tres' at thread -1
Loading resource: res://art/materials/m_clear_glass.tres remapped: res://art/materials/m_clear_glass.tres
Completed load for: 'res://art/materials/m_clear_glass.tres' remapped 'res://art/materials/m_clear_glass.tres' at thread -1
[   1% ] [90m[1mimport[22m | Running Custom Script...[39m[0m
[  99% ] [90m[1mimport[22m | Saving...[39m[0m
Saving scene to: res://.godot/imported/sm_s01_starting_lens.glb-8ade46f8d4b44aafa4079a4d51e916a0.scn
[92m[ DONE ][39m [1mimport[22m
[0m
EditorFileSystem: "res://art/meshes/archive_kit/sm_s01_starting_lens.glb" import took 11 ms.
[  78% ] [90m[1mreimport[22m | sm_s01_panel_cover.glb[39m[0m
EditorFileSystem: Importing file: res://art/meshes/archive_kit/sm_s01_panel_cover.glb
[   0% ] [90m[1mimport[22m | Started Import Scene (104 steps)[39m[0m
[   0% ] [90m[1mimport[22m | Importing Scene...[39m[0m
glTF: Total buffers: 1
glTF: Total buffer views: 10
glTF: Total accessors: 10
Total materials: 2
glTF: Parsing mesh: 0
WARNING: glTF import: Buffer view byte stride should be declared for vertex attributes. Assuming packed data and reading anyway.
WARNING: glTF import: Buffer view byte stride should be declared for vertex attributes. Assuming packed data and reading anyway.
WARNING: glTF import: Buffer view byte stride should be declared for vertex attributes. Assuming packed data and reading anyway.
WARNING: glTF import: Buffer view byte stride should be declared for vertex attributes. Assuming packed data and reading anyway.
WARNING: glTF import: Buffer view byte stride should be declared for vertex attributes. Assuming packed data and reading anyway.
WARNING: glTF import: Buffer view byte stride should be declared for vertex attributes. Assuming packed data and reading anyway.
WARNING: glTF import: Buffer view byte stride should be declared for vertex attributes. Assuming packed data and reading anyway.
WARNING: glTF import: Buffer view byte stride should be declared for vertex attributes. Assuming packed data and reading anyway.
WARNING: glTF import: Buffer view byte stride should be declared for vertex attributes. Assuming packed data and reading anyway.
WARNING: glTF import: Buffer view byte stride should be declared for vertex attributes. Assuming packed data and reading anyway.
glTF: Total meshes: 1
glTF: Creating mesh for: sm_s01_panel_cover
Loading resource: res://art/materials/m_dark_walnut.tres remapped: res://art/materials/m_dark_walnut.tres
Loading resource: res://art/textures/material_library/t_dark_walnut_albedo.png remapped: res://art/textures/material_library/t_dark_walnut_albedo.png
Loading resource: res://.godot/imported/t_dark_walnut_albedo.png-eeb53fd26080333269d26f1244156de6.s3tc.ctex remapped: res://.godot/imported/t_dark_walnut_albedo.png-eeb53fd26080333269d26f1244156de6.s3tc.ctex
Completed load for: 'res://art/textures/material_library/t_dark_walnut_albedo.png' remapped 'res://art/textures/material_library/t_dark_walnut_albedo.png' at thread -1
Loading resource: res://art/textures/material_library/t_dark_walnut_normal.png remapped: res://art/textures/material_library/t_dark_walnut_normal.png
Loading resource: res://.godot/imported/t_dark_walnut_normal.png-0da8c0cbc718834a50d80f1e10dd6f67.s3tc.ctex remapped: res://.godot/imported/t_dark_walnut_normal.png-0da8c0cbc718834a50d80f1e10dd6f67.s3tc.ctex
Completed load for: 'res://art/textures/material_library/t_dark_walnut_normal.png' remapped 'res://art/textures/material_library/t_dark_walnut_normal.png' at thread -1
Loading resource: res://art/textures/material_library/t_dark_walnut_orm.png remapped: res://art/textures/material_library/t_dark_walnut_orm.png
Loading resource: res://.godot/imported/t_dark_walnut_orm.png-80714522fb65226a649b9a39ea999577.s3tc.ctex remapped: res://.godot/imported/t_dark_walnut_orm.png-80714522fb65226a649b9a39ea999577.s3tc.ctex
Completed load for: 'res://art/textures/material_library/t_dark_walnut_orm.png' remapped 'res://art/textures/material_library/t_dark_walnut_orm.png' at thread -1
Completed load for: 'res://art/materials/m_dark_walnut.tres' remapped 'res://art/materials/m_dark_walnut.tres' at thread -1
Loading resource: res://art/materials/m_aged_brass.tres remapped: res://art/materials/m_aged_brass.tres
Loading resource: res://art/textures/material_library/t_aged_brass_albedo.png remapped: res://art/textures/material_library/t_aged_brass_albedo.png
Loading resource: res://.godot/imported/t_aged_brass_albedo.png-abc56163ac1f88b0fdc87aa9855967f6.bptc.ctex remapped: res://.godot/imported/t_aged_brass_albedo.png-abc56163ac1f88b0fdc87aa9855967f6.bptc.ctex
Completed load for: 'res://art/textures/material_library/t_aged_brass_albedo.png' remapped 'res://art/textures/material_library/t_aged_brass_albedo.png' at thread -1
Loading resource: res://art/textures/material_library/t_aged_brass_normal.png remapped: res://art/textures/material_library/t_aged_brass_normal.png
Loading resource: res://.godot/imported/t_aged_brass_normal.png-8e39d8996b346af431d3dca26c806cc9.s3tc.ctex remapped: res://.godot/imported/t_aged_brass_normal.png-8e39d8996b346af431d3dca26c806cc9.s3tc.ctex
Completed load for: 'res://art/textures/material_library/t_aged_brass_normal.png' remapped 'res://art/textures/material_library/t_aged_brass_normal.png' at thread -1
Loading resource: res://art/textures/material_library/t_aged_brass_orm.png remapped: res://art/textures/material_library/t_aged_brass_orm.png
Loading resource: res://.godot/imported/t_aged_brass_orm.png-3d326ed2e26256e8095984503e4be2d1.bptc.ctex remapped: res://.godot/imported/t_aged_brass_orm.png-3d326ed2e26256e8095984503e4be2d1.bptc.ctex
Completed load for: 'res://art/textures/material_library/t_aged_brass_orm.png' remapped 'res://art/textures/material_library/t_aged_brass_orm.png' at thread -1
Completed load for: 'res://art/materials/m_aged_brass.tres' remapped 'res://art/materials/m_aged_brass.tres' at thread -1
[   1% ] [90m[1mimport[22m | Running Custom Script...[39m[0m
[  99% ] [90m[1mimport[22m | Saving...[39m[0m
Saving scene to: res://.godot/imported/sm_s01_panel_cover.glb-b0e046b140a4bb496a1e4202a899a64d.scn
[92m[ DONE ][39m [1mimport[22m
[0m
EditorFileSystem: "res://art/meshes/archive_kit/sm_s01_panel_cover.glb" import took 9 ms.
[  80% ] [90m[1mreimport[22m | sm_s01_panel_base.glb[39m[0m
EditorFileSystem: Importing file: res://art/meshes/archive_kit/sm_s01_panel_base.glb
[   0% ] [90m[1mimport[22m | Started Import Scene (104 steps)[39m[0m
[   0% ] [90m[1mimport[22m | Importing Scene...[39m[0m
glTF: Total buffers: 1
glTF: Total buffer views: 10
glTF: Total accessors: 10
Total materials: 2
glTF: Parsing mesh: 0
WARNING: glTF import: Buffer view byte stride should be declared for vertex attributes. Assuming packed data and reading anyway.
WARNING: glTF import: Buffer view byte stride should be declared for vertex attributes. Assuming packed data and reading anyway.
WARNING: glTF import: Buffer view byte stride should be declared for vertex attributes. Assuming packed data and reading anyway.
WARNING: glTF import: Buffer view byte stride should be declared for vertex attributes. Assuming packed data and reading anyway.
WARNING: glTF import: Buffer view byte stride should be declared for vertex attributes. Assuming packed data and reading anyway.
WARNING: glTF import: Buffer view byte stride should be declared for vertex attributes. Assuming packed data and reading anyway.
WARNING: glTF import: Buffer view byte stride should be declared for vertex attributes. Assuming packed data and reading anyway.
WARNING: glTF import: Buffer view byte stride should be declared for vertex attributes. Assuming packed data and reading anyway.
WARNING: glTF import: Buffer view byte stride should be declared for vertex attributes. Assuming packed data and reading anyway.
WARNING: glTF import: Buffer view byte stride should be declared for vertex attributes. Assuming packed data and reading anyway.
glTF: Total meshes: 1
glTF: Creating mesh for: sm_s01_panel_base
Loading resource: res://art/materials/m_dark_iron.tres remapped: res://art/materials/m_dark_iron.tres
Loading resource: res://art/textures/material_library/t_dark_iron_albedo.png remapped: res://art/textures/material_library/t_dark_iron_albedo.png
Loading resource: res://.godot/imported/t_dark_iron_albedo.png-66c578930998aa52cde4476e849cd53e.bptc.ctex remapped: res://.godot/imported/t_dark_iron_albedo.png-66c578930998aa52cde4476e849cd53e.bptc.ctex
Completed load for: 'res://art/textures/material_library/t_dark_iron_albedo.png' remapped 'res://art/textures/material_library/t_dark_iron_albedo.png' at thread -1
Loading resource: res://art/textures/material_library/t_dark_iron_normal.png remapped: res://art/textures/material_library/t_dark_iron_normal.png
Loading resource: res://.godot/imported/t_dark_iron_normal.png-b114b4c4e436e88cf9c30b356a3fdc97.s3tc.ctex remapped: res://.godot/imported/t_dark_iron_normal.png-b114b4c4e436e88cf9c30b356a3fdc97.s3tc.ctex
Completed load for: 'res://art/textures/material_library/t_dark_iron_normal.png' remapped 'res://art/textures/material_library/t_dark_iron_normal.png' at thread -1
Loading resource: res://art/textures/material_library/t_dark_iron_orm.png remapped: res://art/textures/material_library/t_dark_iron_orm.png
Loading resource: res://.godot/imported/t_dark_iron_orm.png-26d916cff2f6d9ab53816438c312c0a3.bptc.ctex remapped: res://.godot/imported/t_dark_iron_orm.png-26d916cff2f6d9ab53816438c312c0a3.bptc.ctex
Completed load for: 'res://art/textures/material_library/t_dark_iron_orm.png' remapped 'res://art/textures/material_library/t_dark_iron_orm.png' at thread -1
Completed load for: 'res://art/materials/m_dark_iron.tres' remapped 'res://art/materials/m_dark_iron.tres' at thread -1
Loading resource: res://art/materials/m_aged_brass.tres remapped: res://art/materials/m_aged_brass.tres
Loading resource: res://art/textures/material_library/t_aged_brass_albedo.png remapped: res://art/textures/material_library/t_aged_brass_albedo.png
Loading resource: res://.godot/imported/t_aged_brass_albedo.png-abc56163ac1f88b0fdc87aa9855967f6.bptc.ctex remapped: res://.godot/imported/t_aged_brass_albedo.png-abc56163ac1f88b0fdc87aa9855967f6.bptc.ctex
Completed load for: 'res://art/textures/material_library/t_aged_brass_albedo.png' remapped 'res://art/textures/material_library/t_aged_brass_albedo.png' at thread -1
Loading resource: res://art/textures/material_library/t_aged_brass_normal.png remapped: res://art/textures/material_library/t_aged_brass_normal.png
Loading resource: res://.godot/imported/t_aged_brass_normal.png-8e39d8996b346af431d3dca26c806cc9.s3tc.ctex remapped: res://.godot/imported/t_aged_brass_normal.png-8e39d8996b346af431d3dca26c806cc9.s3tc.ctex
Completed load for: 'res://art/textures/material_library/t_aged_brass_normal.png' remapped 'res://art/textures/material_library/t_aged_brass_normal.png' at thread -1
Loading resource: res://art/textures/material_library/t_aged_brass_orm.png remapped: res://art/textures/material_library/t_aged_brass_orm.png
Loading resource: res://.godot/imported/t_aged_brass_orm.png-3d326ed2e26256e8095984503e4be2d1.bptc.ctex remapped: res://.godot/imported/t_aged_brass_orm.png-3d326ed2e26256e8095984503e4be2d1.bptc.ctex
Completed load for: 'res://art/textures/material_library/t_aged_brass_orm.png' remapped 'res://art/textures/material_library/t_aged_brass_orm.png' at thread -1
Completed load for: 'res://art/materials/m_aged_brass.tres' remapped 'res://art/materials/m_aged_brass.tres' at thread -1
[   1% ] [90m[1mimport[22m | Running Custom Script...[39m[0m
[  99% ] [90m[1mimport[22m | Saving...[39m[0m
Saving scene to: res://.godot/imported/sm_s01_panel_base.glb-8681a4ec7bcfa37eb4662db93ddec067.scn
[92m[ DONE ][39m [1mimport[22m
[0m
EditorFileSystem: "res://art/meshes/archive_kit/sm_s01_panel_base.glb" import took 10 ms.
[  81% ] [90m[1mreimport[22m | sm_s01_lever_handle.glb[39m[0m
EditorFileSystem: Importing file: res://art/meshes/archive_kit/sm_s01_lever_handle.glb
[   0% ] [90m[1mimport[22m | Started Import Scene (104 steps)[39m[0m
[   0% ] [90m[1mimport[22m | Importing Scene...[39m[0m
glTF: Total buffers: 1
glTF: Total buffer views: 10
glTF: Total accessors: 10
Total materials: 2
glTF: Parsing mesh: 0
WARNING: glTF import: Buffer view byte stride should be declared for vertex attributes. Assuming packed data and reading anyway.
WARNING: glTF import: Buffer view byte stride should be declared for vertex attributes. Assuming packed data and reading anyway.
WARNING: glTF import: Buffer view byte stride should be declared for vertex attributes. Assuming packed data and reading anyway.
WARNING: glTF import: Buffer view byte stride should be declared for vertex attributes. Assuming packed data and reading anyway.
WARNING: glTF import: Buffer view byte stride should be declared for vertex attributes. Assuming packed data and reading anyway.
WARNING: glTF import: Buffer view byte stride should be declared for vertex attributes. Assuming packed data and reading anyway.
WARNING: glTF import: Buffer view byte stride should be declared for vertex attributes. Assuming packed data and reading anyway.
WARNING: glTF import: Buffer view byte stride should be declared for vertex attributes. Assuming packed data and reading anyway.
WARNING: glTF import: Buffer view byte stride should be declared for vertex attributes. Assuming packed data and reading anyway.
WARNING: glTF import: Buffer view byte stride should be declared for vertex attributes. Assuming packed data and reading anyway.
glTF: Total meshes: 1
glTF: Creating mesh for: sm_s01_lever_handle
Loading resource: res://art/materials/m_aged_brass.tres remapped: res://art/materials/m_aged_brass.tres
Loading resource: res://art/textures/material_library/t_aged_brass_albedo.png remapped: res://art/textures/material_library/t_aged_brass_albedo.png
Loading resource: res://.godot/imported/t_aged_brass_albedo.png-abc56163ac1f88b0fdc87aa9855967f6.bptc.ctex remapped: res://.godot/imported/t_aged_brass_albedo.png-abc56163ac1f88b0fdc87aa9855967f6.bptc.ctex
Completed load for: 'res://art/textures/material_library/t_aged_brass_albedo.png' remapped 'res://art/textures/material_library/t_aged_brass_albedo.png' at thread -1
Loading resource: res://art/textures/material_library/t_aged_brass_normal.png remapped: res://art/textures/material_library/t_aged_brass_normal.png
Loading resource: res://.godot/imported/t_aged_brass_normal.png-8e39d8996b346af431d3dca26c806cc9.s3tc.ctex remapped: res://.godot/imported/t_aged_brass_normal.png-8e39d8996b346af431d3dca26c806cc9.s3tc.ctex
Completed load for: 'res://art/textures/material_library/t_aged_brass_normal.png' remapped 'res://art/textures/material_library/t_aged_brass_normal.png' at thread -1
Loading resource: res://art/textures/material_library/t_aged_brass_orm.png remapped: res://art/textures/material_library/t_aged_brass_orm.png
Loading resource: res://.godot/imported/t_aged_brass_orm.png-3d326ed2e26256e8095984503e4be2d1.bptc.ctex remapped: res://.godot/imported/t_aged_brass_orm.png-3d326ed2e26256e8095984503e4be2d1.bptc.ctex
Completed load for: 'res://art/textures/material_library/t_aged_brass_orm.png' remapped 'res://art/textures/material_library/t_aged_brass_orm.png' at thread -1
Completed load for: 'res://art/materials/m_aged_brass.tres' remapped 'res://art/materials/m_aged_brass.tres' at thread -1
Loading resource: res://art/materials/m_dark_walnut.tres remapped: res://art/materials/m_dark_walnut.tres
Loading resource: res://art/textures/material_library/t_dark_walnut_albedo.png remapped: res://art/textures/material_library/t_dark_walnut_albedo.png
Loading resource: res://.godot/imported/t_dark_walnut_albedo.png-eeb53fd26080333269d26f1244156de6.s3tc.ctex remapped: res://.godot/imported/t_dark_walnut_albedo.png-eeb53fd26080333269d26f1244156de6.s3tc.ctex
Completed load for: 'res://art/textures/material_library/t_dark_walnut_albedo.png' remapped 'res://art/textures/material_library/t_dark_walnut_albedo.png' at thread -1
Loading resource: res://art/textures/material_library/t_dark_walnut_normal.png remapped: res://art/textures/material_library/t_dark_walnut_normal.png
Loading resource: res://.godot/imported/t_dark_walnut_normal.png-0da8c0cbc718834a50d80f1e10dd6f67.s3tc.ctex remapped: res://.godot/imported/t_dark_walnut_normal.png-0da8c0cbc718834a50d80f1e10dd6f67.s3tc.ctex
Completed load for: 'res://art/textures/material_library/t_dark_walnut_normal.png' remapped 'res://art/textures/material_library/t_dark_walnut_normal.png' at thread -1
Loading resource: res://art/textures/material_library/t_dark_walnut_orm.png remapped: res://art/textures/material_library/t_dark_walnut_orm.png
Loading resource: res://.godot/imported/t_dark_walnut_orm.png-80714522fb65226a649b9a39ea999577.s3tc.ctex remapped: res://.godot/imported/t_dark_walnut_orm.png-80714522fb65226a649b9a39ea999577.s3tc.ctex
Completed load for: 'res://art/textures/material_library/t_dark_walnut_orm.png' remapped 'res://art/textures/material_library/t_dark_walnut_orm.png' at thread -1
Completed load for: 'res://art/materials/m_dark_walnut.tres' remapped 'res://art/materials/m_dark_walnut.tres' at thread -1
[   1% ] [90m[1mimport[22m | Running Custom Script...[39m[0m
[  99% ] [90m[1mimport[22m | Saving...[39m[0m
Saving scene to: res://.godot/imported/sm_s01_lever_handle.glb-5e1d4adffa4de19eb92fb54455429c33.scn
[92m[ DONE ][39m [1mimport[22m
[0m
EditorFileSystem: "res://art/meshes/archive_kit/sm_s01_lever_handle.glb" import took 9 ms.
[  82% ] [90m[1mreimport[22m | sm_s01_lever_base.glb[39m[0m
EditorFileSystem: Importing file: res://art/meshes/archive_kit/sm_s01_lever_base.glb
[   0% ] [90m[1mimport[22m | Started Import Scene (104 steps)[39m[0m
[   0% ] [90m[1mimport[22m | Importing Scene...[39m[0m
glTF: Total buffers: 1
glTF: Total buffer views: 10
glTF: Total accessors: 10
Total materials: 2
glTF: Parsing mesh: 0
WARNING: glTF import: Buffer view byte stride should be declared for vertex attributes. Assuming packed data and reading anyway.
WARNING: glTF import: Buffer view byte stride should be declared for vertex attributes. Assuming packed data and reading anyway.
WARNING: glTF import: Buffer view byte stride should be declared for vertex attributes. Assuming packed data and reading anyway.
WARNING: glTF import: Buffer view byte stride should be declared for vertex attributes. Assuming packed data and reading anyway.
WARNING: glTF import: Buffer view byte stride should be declared for vertex attributes. Assuming packed data and reading anyway.
WARNING: glTF import: Buffer view byte stride should be declared for vertex attributes. Assuming packed data and reading anyway.
WARNING: glTF import: Buffer view byte stride should be declared for vertex attributes. Assuming packed data and reading anyway.
WARNING: glTF import: Buffer view byte stride should be declared for vertex attributes. Assuming packed data and reading anyway.
WARNING: glTF import: Buffer view byte stride should be declared for vertex attributes. Assuming packed data and reading anyway.
WARNING: glTF import: Buffer view byte stride should be declared for vertex attributes. Assuming packed data and reading anyway.
glTF: Total meshes: 1
glTF: Creating mesh for: sm_s01_lever_base
Loading resource: res://art/materials/m_dark_iron.tres remapped: res://art/materials/m_dark_iron.tres
Loading resource: res://art/textures/material_library/t_dark_iron_albedo.png remapped: res://art/textures/material_library/t_dark_iron_albedo.png
Loading resource: res://.godot/imported/t_dark_iron_albedo.png-66c578930998aa52cde4476e849cd53e.bptc.ctex remapped: res://.godot/imported/t_dark_iron_albedo.png-66c578930998aa52cde4476e849cd53e.bptc.ctex
Completed load for: 'res://art/textures/material_library/t_dark_iron_albedo.png' remapped 'res://art/textures/material_library/t_dark_iron_albedo.png' at thread -1
Loading resource: res://art/textures/material_library/t_dark_iron_normal.png remapped: res://art/textures/material_library/t_dark_iron_normal.png
Loading resource: res://.godot/imported/t_dark_iron_normal.png-b114b4c4e436e88cf9c30b356a3fdc97.s3tc.ctex remapped: res://.godot/imported/t_dark_iron_normal.png-b114b4c4e436e88cf9c30b356a3fdc97.s3tc.ctex
Completed load for: 'res://art/textures/material_library/t_dark_iron_normal.png' remapped 'res://art/textures/material_library/t_dark_iron_normal.png' at thread -1
Loading resource: res://art/textures/material_library/t_dark_iron_orm.png remapped: res://art/textures/material_library/t_dark_iron_orm.png
Loading resource: res://.godot/imported/t_dark_iron_orm.png-26d916cff2f6d9ab53816438c312c0a3.bptc.ctex remapped: res://.godot/imported/t_dark_iron_orm.png-26d916cff2f6d9ab53816438c312c0a3.bptc.ctex
Completed load for: 'res://art/textures/material_library/t_dark_iron_orm.png' remapped 'res://art/textures/material_library/t_dark_iron_orm.png' at thread -1
Completed load for: 'res://art/materials/m_dark_iron.tres' remapped 'res://art/materials/m_dark_iron.tres' at thread -1
Loading resource: res://art/materials/m_aged_brass.tres remapped: res://art/materials/m_aged_brass.tres
Loading resource: res://art/textures/material_library/t_aged_brass_albedo.png remapped: res://art/textures/material_library/t_aged_brass_albedo.png
Loading resource: res://.godot/imported/t_aged_brass_albedo.png-abc56163ac1f88b0fdc87aa9855967f6.bptc.ctex remapped: res://.godot/imported/t_aged_brass_albedo.png-abc56163ac1f88b0fdc87aa9855967f6.bptc.ctex
Completed load for: 'res://art/textures/material_library/t_aged_brass_albedo.png' remapped 'res://art/textures/material_library/t_aged_brass_albedo.png' at thread -1
Loading resource: res://art/textures/material_library/t_aged_brass_normal.png remapped: res://art/textures/material_library/t_aged_brass_normal.png
Loading resource: res://.godot/imported/t_aged_brass_normal.png-8e39d8996b346af431d3dca26c806cc9.s3tc.ctex remapped: res://.godot/imported/t_aged_brass_normal.png-8e39d8996b346af431d3dca26c806cc9.s3tc.ctex
Completed load for: 'res://art/textures/material_library/t_aged_brass_normal.png' remapped 'res://art/textures/material_library/t_aged_brass_normal.png' at thread -1
Loading resource: res://art/textures/material_library/t_aged_brass_orm.png remapped: res://art/textures/material_library/t_aged_brass_orm.png
Loading resource: res://.godot/imported/t_aged_brass_orm.png-3d326ed2e26256e8095984503e4be2d1.bptc.ctex remapped: res://.godot/imported/t_aged_brass_orm.png-3d326ed2e26256e8095984503e4be2d1.bptc.ctex
Completed load for: 'res://art/textures/material_library/t_aged_brass_orm.png' remapped 'res://art/textures/material_library/t_aged_brass_orm.png' at thread -1
Completed load for: 'res://art/materials/m_aged_brass.tres' remapped 'res://art/materials/m_aged_brass.tres' at thread -1
[   1% ] [90m[1mimport[22m | Running Custom Script...[39m[0m
[  99% ] [90m[1mimport[22m | Saving...[39m[0m
Saving scene to: res://.godot/imported/sm_s01_lever_base.glb-63e7398c2a5499ac9150a3c08e270f15.scn
[92m[ DONE ][39m [1mimport[22m
[0m
EditorFileSystem: "res://art/meshes/archive_kit/sm_s01_lever_base.glb" import took 11 ms.
[  84% ] [90m[1mreimport[22m | sm_s01_lens_socket.glb[39m[0m
EditorFileSystem: Importing file: res://art/meshes/archive_kit/sm_s01_lens_socket.glb
[   0% ] [90m[1mimport[22m | Started Import Scene (104 steps)[39m[0m
[   0% ] [90m[1mimport[22m | Importing Scene...[39m[0m
glTF: Total buffers: 1
glTF: Total buffer views: 10
glTF: Total accessors: 10
Total materials: 2
glTF: Parsing mesh: 0
WARNING: glTF import: Buffer view byte stride should be declared for vertex attributes. Assuming packed data and reading anyway.
WARNING: glTF import: Buffer view byte stride should be declared for vertex attributes. Assuming packed data and reading anyway.
WARNING: glTF import: Buffer view byte stride should be declared for vertex attributes. Assuming packed data and reading anyway.
WARNING: glTF import: Buffer view byte stride should be declared for vertex attributes. Assuming packed data and reading anyway.
WARNING: glTF import: Buffer view byte stride should be declared for vertex attributes. Assuming packed data and reading anyway.
WARNING: glTF import: Buffer view byte stride should be declared for vertex attributes. Assuming packed data and reading anyway.
WARNING: glTF import: Buffer view byte stride should be declared for vertex attributes. Assuming packed data and reading anyway.
WARNING: glTF import: Buffer view byte stride should be declared for vertex attributes. Assuming packed data and reading anyway.
WARNING: glTF import: Buffer view byte stride should be declared for vertex attributes. Assuming packed data and reading anyway.
WARNING: glTF import: Buffer view byte stride should be declared for vertex attributes. Assuming packed data and reading anyway.
glTF: Total meshes: 1
glTF: Creating mesh for: sm_s01_lens_socket
Loading resource: res://art/materials/m_dark_iron.tres remapped: res://art/materials/m_dark_iron.tres
Loading resource: res://art/textures/material_library/t_dark_iron_albedo.png remapped: res://art/textures/material_library/t_dark_iron_albedo.png
Loading resource: res://.godot/imported/t_dark_iron_albedo.png-66c578930998aa52cde4476e849cd53e.bptc.ctex remapped: res://.godot/imported/t_dark_iron_albedo.png-66c578930998aa52cde4476e849cd53e.bptc.ctex
Completed load for: 'res://art/textures/material_library/t_dark_iron_albedo.png' remapped 'res://art/textures/material_library/t_dark_iron_albedo.png' at thread -1
Loading resource: res://art/textures/material_library/t_dark_iron_normal.png remapped: res://art/textures/material_library/t_dark_iron_normal.png
Loading resource: res://.godot/imported/t_dark_iron_normal.png-b114b4c4e436e88cf9c30b356a3fdc97.s3tc.ctex remapped: res://.godot/imported/t_dark_iron_normal.png-b114b4c4e436e88cf9c30b356a3fdc97.s3tc.ctex
Completed load for: 'res://art/textures/material_library/t_dark_iron_normal.png' remapped 'res://art/textures/material_library/t_dark_iron_normal.png' at thread -1
Loading resource: res://art/textures/material_library/t_dark_iron_orm.png remapped: res://art/textures/material_library/t_dark_iron_orm.png
Loading resource: res://.godot/imported/t_dark_iron_orm.png-26d916cff2f6d9ab53816438c312c0a3.bptc.ctex remapped: res://.godot/imported/t_dark_iron_orm.png-26d916cff2f6d9ab53816438c312c0a3.bptc.ctex
Completed load for: 'res://art/textures/material_library/t_dark_iron_orm.png' remapped 'res://art/textures/material_library/t_dark_iron_orm.png' at thread -1
Completed load for: 'res://art/materials/m_dark_iron.tres' remapped 'res://art/materials/m_dark_iron.tres' at thread -1
Loading resource: res://art/materials/m_aged_brass.tres remapped: res://art/materials/m_aged_brass.tres
Loading resource: res://art/textures/material_library/t_aged_brass_albedo.png remapped: res://art/textures/material_library/t_aged_brass_albedo.png
Loading resource: res://.godot/imported/t_aged_brass_albedo.png-abc56163ac1f88b0fdc87aa9855967f6.bptc.ctex remapped: res://.godot/imported/t_aged_brass_albedo.png-abc56163ac1f88b0fdc87aa9855967f6.bptc.ctex
Completed load for: 'res://art/textures/material_library/t_aged_brass_albedo.png' remapped 'res://art/textures/material_library/t_aged_brass_albedo.png' at thread -1
Loading resource: res://art/textures/material_library/t_aged_brass_normal.png remapped: res://art/textures/material_library/t_aged_brass_normal.png
Loading resource: res://.godot/imported/t_aged_brass_normal.png-8e39d8996b346af431d3dca26c806cc9.s3tc.ctex remapped: res://.godot/imported/t_aged_brass_normal.png-8e39d8996b346af431d3dca26c806cc9.s3tc.ctex
Completed load for: 'res://art/textures/material_library/t_aged_brass_normal.png' remapped 'res://art/textures/material_library/t_aged_brass_normal.png' at thread -1
Loading resource: res://art/textures/material_library/t_aged_brass_orm.png remapped: res://art/textures/material_library/t_aged_brass_orm.png
Loading resource: res://.godot/imported/t_aged_brass_orm.png-3d326ed2e26256e8095984503e4be2d1.bptc.ctex remapped: res://.godot/imported/t_aged_brass_orm.png-3d326ed2e26256e8095984503e4be2d1.bptc.ctex
Completed load for: 'res://art/textures/material_library/t_aged_brass_orm.png' remapped 'res://art/textures/material_library/t_aged_brass_orm.png' at thread -1
Completed load for: 'res://art/materials/m_aged_brass.tres' remapped 'res://art/materials/m_aged_brass.tres' at thread -1
[   1% ] [90m[1mimport[22m | Running Custom Script...[39m[0m
[  99% ] [90m[1mimport[22m | Saving...[39m[0m
Saving scene to: res://.godot/imported/sm_s01_lens_socket.glb-188dc482e99acfcc032a55181e4c154b.scn
[92m[ DONE ][39m [1mimport[22m
[0m
EditorFileSystem: "res://art/meshes/archive_kit/sm_s01_lens_socket.glb" import took 16 ms.
[  85% ] [90m[1mreimport[22m | sm_s01_hub_wall.glb[39m[0m
EditorFileSystem: Importing file: res://art/meshes/archive_kit/sm_s01_hub_wall.glb
[   0% ] [90m[1mimport[22m | Started Import Scene (104 steps)[39m[0m
[   0% ] [90m[1mimport[22m | Importing Scene...[39m[0m
glTF: Total buffers: 1
glTF: Total buffer views: 25
glTF: Total accessors: 25
Total materials: 5
glTF: Parsing mesh: 0
WARNING: glTF import: Buffer view byte stride should be declared for vertex attributes. Assuming packed data and reading anyway.
WARNING: glTF import: Buffer view byte stride should be declared for vertex attributes. Assuming packed data and reading anyway.
WARNING: glTF import: Buffer view byte stride should be declared for vertex attributes. Assuming packed data and reading anyway.
WARNING: glTF import: Buffer view byte stride should be declared for vertex attributes. Assuming packed data and reading anyway.
WARNING: glTF import: Buffer view byte stride should be declared for vertex attributes. Assuming packed data and reading anyway.
WARNING: glTF import: Buffer view byte stride should be declared for vertex attributes. Assuming packed data and reading anyway.
WARNING: glTF import: Buffer view byte stride should be declared for vertex attributes. Assuming packed data and reading anyway.
WARNING: glTF import: Buffer view byte stride should be declared for vertex attributes. Assuming packed data and reading anyway.
WARNING: glTF import: Buffer view byte stride should be declared for vertex attributes. Assuming packed data and reading anyway.
WARNING: glTF import: Buffer view byte stride should be declared for vertex attributes. Assuming packed data and reading anyway.
WARNING: glTF import: Buffer view byte stride should be declared for vertex attributes. Assuming packed data and reading anyway.
WARNING: glTF import: Buffer view byte stride should be declared for vertex attributes. Assuming packed data and reading anyway.
WARNING: glTF import: Buffer view byte stride should be declared for vertex attributes. Assuming packed data and reading anyway.
WARNING: glTF import: Buffer view byte stride should be declared for vertex attributes. Assuming packed data and reading anyway.
WARNING: glTF import: Buffer view byte stride should be declared for vertex attributes. Assuming packed data and reading anyway.
WARNING: glTF import: Buffer view byte stride should be declared for vertex attributes. Assuming packed data and reading anyway.
WARNING: glTF import: Buffer view byte stride should be declared for vertex attributes. Assuming packed data and reading anyway.
WARNING: glTF import: Buffer view byte stride should be declared for vertex attributes. Assuming packed data and reading anyway.
WARNING: glTF import: Buffer view byte stride should be declared for vertex attributes. Assuming packed data and reading anyway.
WARNING: glTF import: Buffer view byte stride should be declared for vertex attributes. Assuming packed data and reading anyway.
WARNING: glTF import: Buffer view byte stride should be declared for vertex attributes. Assuming packed data and reading anyway.
WARNING: glTF import: Buffer view byte stride should be declared for vertex attributes. Assuming packed data and reading anyway.
WARNING: glTF import: Buffer view byte stride should be declared for vertex attributes. Assuming packed data and reading anyway.
WARNING: glTF import: Buffer view byte stride should be declared for vertex attributes. Assuming packed data and reading anyway.
WARNING: glTF import: Buffer view byte stride should be declared for vertex attributes. Assuming packed data and reading anyway.
glTF: Total meshes: 1
glTF: Creating mesh for: sm_s01_hub_wall
Loading resource: res://art/materials/m_observatory_stone.tres remapped: res://art/materials/m_observatory_stone.tres
Loading resource: res://art/textures/material_library/t_observatory_stone_albedo.png remapped: res://art/textures/material_library/t_observatory_stone_albedo.png
Loading resource: res://.godot/imported/t_observatory_stone_albedo.png-43349643c0875f5ace3ffdb2d210c57f.s3tc.ctex remapped: res://.godot/imported/t_observatory_stone_albedo.png-43349643c0875f5ace3ffdb2d210c57f.s3tc.ctex
Completed load for: 'res://art/textures/material_library/t_observatory_stone_albedo.png' remapped 'res://art/textures/material_library/t_observatory_stone_albedo.png' at thread -1
Loading resource: res://art/textures/material_library/t_observatory_stone_normal.png remapped: res://art/textures/material_library/t_observatory_stone_normal.png
Loading resource: res://.godot/imported/t_observatory_stone_normal.png-47e0f6bff75f2896b77ed27a272dde2f.s3tc.ctex remapped: res://.godot/imported/t_observatory_stone_normal.png-47e0f6bff75f2896b77ed27a272dde2f.s3tc.ctex
Completed load for: 'res://art/textures/material_library/t_observatory_stone_normal.png' remapped 'res://art/textures/material_library/t_observatory_stone_normal.png' at thread -1
Loading resource: res://art/textures/material_library/t_observatory_stone_orm.png remapped: res://art/textures/material_library/t_observatory_stone_orm.png
Loading resource: res://.godot/imported/t_observatory_stone_orm.png-4da19abca2400c1ea60157ddc8b2fe43.s3tc.ctex remapped: res://.godot/imported/t_observatory_stone_orm.png-4da19abca2400c1ea60157ddc8b2fe43.s3tc.ctex
Completed load for: 'res://art/textures/material_library/t_observatory_stone_orm.png' remapped 'res://art/textures/material_library/t_observatory_stone_orm.png' at thread -1
Completed load for: 'res://art/materials/m_observatory_stone.tres' remapped 'res://art/materials/m_observatory_stone.tres' at thread -1
Loading resource: res://art/materials/m_dark_walnut.tres remapped: res://art/materials/m_dark_walnut.tres
Loading resource: res://art/textures/material_library/t_dark_walnut_albedo.png remapped: res://art/textures/material_library/t_dark_walnut_albedo.png
Loading resource: res://.godot/imported/t_dark_walnut_albedo.png-eeb53fd26080333269d26f1244156de6.s3tc.ctex remapped: res://.godot/imported/t_dark_walnut_albedo.png-eeb53fd26080333269d26f1244156de6.s3tc.ctex
Completed load for: 'res://art/textures/material_library/t_dark_walnut_albedo.png' remapped 'res://art/textures/material_library/t_dark_walnut_albedo.png' at thread -1
Loading resource: res://art/textures/material_library/t_dark_walnut_normal.png remapped: res://art/textures/material_library/t_dark_walnut_normal.png
Loading resource: res://.godot/imported/t_dark_walnut_normal.png-0da8c0cbc718834a50d80f1e10dd6f67.s3tc.ctex remapped: res://.godot/imported/t_dark_walnut_normal.png-0da8c0cbc718834a50d80f1e10dd6f67.s3tc.ctex
Completed load for: 'res://art/textures/material_library/t_dark_walnut_normal.png' remapped 'res://art/textures/material_library/t_dark_walnut_normal.png' at thread -1
Loading resource: res://art/textures/material_library/t_dark_walnut_orm.png remapped: res://art/textures/material_library/t_dark_walnut_orm.png
Loading resource: res://.godot/imported/t_dark_walnut_orm.png-80714522fb65226a649b9a39ea999577.s3tc.ctex remapped: res://.godot/imported/t_dark_walnut_orm.png-80714522fb65226a649b9a39ea999577.s3tc.ctex
Completed load for: 'res://art/textures/material_library/t_dark_walnut_orm.png' remapped 'res://art/textures/material_library/t_dark_walnut_orm.png' at thread -1
Completed load for: 'res://art/materials/m_dark_walnut.tres' remapped 'res://art/materials/m_dark_walnut.tres' at thread -1
Loading resource: res://art/materials/m_dark_iron.tres remapped: res://art/materials/m_dark_iron.tres
Loading resource: res://art/textures/material_library/t_dark_iron_albedo.png remapped: res://art/textures/material_library/t_dark_iron_albedo.png
Loading resource: res://.godot/imported/t_dark_iron_albedo.png-66c578930998aa52cde4476e849cd53e.bptc.ctex remapped: res://.godot/imported/t_dark_iron_albedo.png-66c578930998aa52cde4476e849cd53e.bptc.ctex
Completed load for: 'res://art/textures/material_library/t_dark_iron_albedo.png' remapped 'res://art/textures/material_library/t_dark_iron_albedo.png' at thread -1
Loading resource: res://art/textures/material_library/t_dark_iron_normal.png remapped: res://art/textures/material_library/t_dark_iron_normal.png
Loading resource: res://.godot/imported/t_dark_iron_normal.png-b114b4c4e436e88cf9c30b356a3fdc97.s3tc.ctex remapped: res://.godot/imported/t_dark_iron_normal.png-b114b4c4e436e88cf9c30b356a3fdc97.s3tc.ctex
Completed load for: 'res://art/textures/material_library/t_dark_iron_normal.png' remapped 'res://art/textures/material_library/t_dark_iron_normal.png' at thread -1
Loading resource: res://art/textures/material_library/t_dark_iron_orm.png remapped: res://art/textures/material_library/t_dark_iron_orm.png
Loading resource: res://.godot/imported/t_dark_iron_orm.png-26d916cff2f6d9ab53816438c312c0a3.bptc.ctex remapped: res://.godot/imported/t_dark_iron_orm.png-26d916cff2f6d9ab53816438c312c0a3.bptc.ctex
Completed load for: 'res://art/textures/material_library/t_dark_iron_orm.png' remapped 'res://art/textures/material_library/t_dark_iron_orm.png' at thread -1
Completed load for: 'res://art/materials/m_dark_iron.tres' remapped 'res://art/materials/m_dark_iron.tres' at thread -1
Loading resource: res://art/materials/m_aged_brass.tres remapped: res://art/materials/m_aged_brass.tres
Loading resource: res://art/textures/material_library/t_aged_brass_albedo.png remapped: res://art/textures/material_library/t_aged_brass_albedo.png
Loading resource: res://.godot/imported/t_aged_brass_albedo.png-abc56163ac1f88b0fdc87aa9855967f6.bptc.ctex remapped: res://.godot/imported/t_aged_brass_albedo.png-abc56163ac1f88b0fdc87aa9855967f6.bptc.ctex
Completed load for: 'res://art/textures/material_library/t_aged_brass_albedo.png' remapped 'res://art/textures/material_library/t_aged_brass_albedo.png' at thread -1
Loading resource: res://art/textures/material_library/t_aged_brass_normal.png remapped: res://art/textures/material_library/t_aged_brass_normal.png
Loading resource: res://.godot/imported/t_aged_brass_normal.png-8e39d8996b346af431d3dca26c806cc9.s3tc.ctex remapped: res://.godot/imported/t_aged_brass_normal.png-8e39d8996b346af431d3dca26c806cc9.s3tc.ctex
Completed load for: 'res://art/textures/material_library/t_aged_brass_normal.png' remapped 'res://art/textures/material_library/t_aged_brass_normal.png' at thread -1
Loading resource: res://art/textures/material_library/t_aged_brass_orm.png remapped: res://art/textures/material_library/t_aged_brass_orm.png
Loading resource: res://.godot/imported/t_aged_brass_orm.png-3d326ed2e26256e8095984503e4be2d1.bptc.ctex remapped: res://.godot/imported/t_aged_brass_orm.png-3d326ed2e26256e8095984503e4be2d1.bptc.ctex
Completed load for: 'res://art/textures/material_library/t_aged_brass_orm.png' remapped 'res://art/textures/material_library/t_aged_brass_orm.png' at thread -1
Completed load for: 'res://art/materials/m_aged_brass.tres' remapped 'res://art/materials/m_aged_brass.tres' at thread -1
Loading resource: res://art/materials/m_navy_textile.tres remapped: res://art/materials/m_navy_textile.tres
Loading resource: res://art/textures/material_library/t_woven_textile_albedo.png remapped: res://art/textures/material_library/t_woven_textile_albedo.png
Loading resource: res://.godot/imported/t_woven_textile_albedo.png-9e29b4e83b199f138d1df37fac0d7268.s3tc.ctex remapped: res://.godot/imported/t_woven_textile_albedo.png-9e29b4e83b199f138d1df37fac0d7268.s3tc.ctex
Completed load for: 'res://art/textures/material_library/t_woven_textile_albedo.png' remapped 'res://art/textures/material_library/t_woven_textile_albedo.png' at thread -1
Loading resource: res://art/textures/material_library/t_woven_textile_normal.png remapped: res://art/textures/material_library/t_woven_textile_normal.png
Loading resource: res://.godot/imported/t_woven_textile_normal.png-3c03783a156691d57565b008a8be7444.s3tc.ctex remapped: res://.godot/imported/t_woven_textile_normal.png-3c03783a156691d57565b008a8be7444.s3tc.ctex
Completed load for: 'res://art/textures/material_library/t_woven_textile_normal.png' remapped 'res://art/textures/material_library/t_woven_textile_normal.png' at thread -1
Loading resource: res://art/textures/material_library/t_woven_textile_orm.png remapped: res://art/textures/material_library/t_woven_textile_orm.png
Loading resource: res://.godot/imported/t_woven_textile_orm.png-0973fdd338724e02d2a305aa9ff5826a.s3tc.ctex remapped: res://.godot/imported/t_woven_textile_orm.png-0973fdd338724e02d2a305aa9ff5826a.s3tc.ctex
Completed load for: 'res://art/textures/material_library/t_woven_textile_orm.png' remapped 'res://art/textures/material_library/t_woven_textile_orm.png' at thread -1
Completed load for: 'res://art/materials/m_navy_textile.tres' remapped 'res://art/materials/m_navy_textile.tres' at thread -1
[   1% ] [90m[1mimport[22m | Running Custom Script...[39m[0m
[  99% ] [90m[1mimport[22m | Saving...[39m[0m
Saving scene to: res://.godot/imported/sm_s01_hub_wall.glb-a7ce994cd9ee4d9bdd021bf72044fcca.scn
[92m[ DONE ][39m [1mimport[22m
[0m
EditorFileSystem: "res://art/meshes/archive_kit/sm_s01_hub_wall.glb" import took 39 ms.
[  87% ] [90m[1mreimport[22m | sm_s01_hub_floor.glb[39m[0m
EditorFileSystem: Importing file: res://art/meshes/archive_kit/sm_s01_hub_floor.glb
[   0% ] [90m[1mimport[22m | Started Import Scene (104 steps)[39m[0m
[   0% ] [90m[1mimport[22m | Importing Scene...[39m[0m
glTF: Total buffers: 1
glTF: Total buffer views: 10
glTF: Total accessors: 10
Total materials: 2
glTF: Parsing mesh: 0
WARNING: glTF import: Buffer view byte stride should be declared for vertex attributes. Assuming packed data and reading anyway.
WARNING: glTF import: Buffer view byte stride should be declared for vertex attributes. Assuming packed data and reading anyway.
WARNING: glTF import: Buffer view byte stride should be declared for vertex attributes. Assuming packed data and reading anyway.
WARNING: glTF import: Buffer view byte stride should be declared for vertex attributes. Assuming packed data and reading anyway.
WARNING: glTF import: Buffer view byte stride should be declared for vertex attributes. Assuming packed data and reading anyway.
WARNING: glTF import: Buffer view byte stride should be declared for vertex attributes. Assuming packed data and reading anyway.
WARNING: glTF import: Buffer view byte stride should be declared for vertex attributes. Assuming packed data and reading anyway.
WARNING: glTF import: Buffer view byte stride should be declared for vertex attributes. Assuming packed data and reading anyway.
WARNING: glTF import: Buffer view byte stride should be declared for vertex attributes. Assuming packed data and reading anyway.
WARNING: glTF import: Buffer view byte stride should be declared for vertex attributes. Assuming packed data and reading anyway.
glTF: Total meshes: 1
glTF: Creating mesh for: sm_s01_hub_floor
Loading resource: res://art/materials/m_observatory_stone.tres remapped: res://art/materials/m_observatory_stone.tres
Loading resource: res://art/textures/material_library/t_observatory_stone_albedo.png remapped: res://art/textures/material_library/t_observatory_stone_albedo.png
Loading resource: res://.godot/imported/t_observatory_stone_albedo.png-43349643c0875f5ace3ffdb2d210c57f.s3tc.ctex remapped: res://.godot/imported/t_observatory_stone_albedo.png-43349643c0875f5ace3ffdb2d210c57f.s3tc.ctex
Completed load for: 'res://art/textures/material_library/t_observatory_stone_albedo.png' remapped 'res://art/textures/material_library/t_observatory_stone_albedo.png' at thread -1
Loading resource: res://art/textures/material_library/t_observatory_stone_normal.png remapped: res://art/textures/material_library/t_observatory_stone_normal.png
Loading resource: res://.godot/imported/t_observatory_stone_normal.png-47e0f6bff75f2896b77ed27a272dde2f.s3tc.ctex remapped: res://.godot/imported/t_observatory_stone_normal.png-47e0f6bff75f2896b77ed27a272dde2f.s3tc.ctex
Completed load for: 'res://art/textures/material_library/t_observatory_stone_normal.png' remapped 'res://art/textures/material_library/t_observatory_stone_normal.png' at thread -1
Loading resource: res://art/textures/material_library/t_observatory_stone_orm.png remapped: res://art/textures/material_library/t_observatory_stone_orm.png
Loading resource: res://.godot/imported/t_observatory_stone_orm.png-4da19abca2400c1ea60157ddc8b2fe43.s3tc.ctex remapped: res://.godot/imported/t_observatory_stone_orm.png-4da19abca2400c1ea60157ddc8b2fe43.s3tc.ctex
Completed load for: 'res://art/textures/material_library/t_observatory_stone_orm.png' remapped 'res://art/textures/material_library/t_observatory_stone_orm.png' at thread -1
Completed load for: 'res://art/materials/m_observatory_stone.tres' remapped 'res://art/materials/m_observatory_stone.tres' at thread -1
Loading resource: res://art/materials/m_aged_brass.tres remapped: res://art/materials/m_aged_brass.tres
Loading resource: res://art/textures/material_library/t_aged_brass_albedo.png remapped: res://art/textures/material_library/t_aged_brass_albedo.png
Loading resource: res://.godot/imported/t_aged_brass_albedo.png-abc56163ac1f88b0fdc87aa9855967f6.bptc.ctex remapped: res://.godot/imported/t_aged_brass_albedo.png-abc56163ac1f88b0fdc87aa9855967f6.bptc.ctex
Completed load for: 'res://art/textures/material_library/t_aged_brass_albedo.png' remapped 'res://art/textures/material_library/t_aged_brass_albedo.png' at thread -1
Loading resource: res://art/textures/material_library/t_aged_brass_normal.png remapped: res://art/textures/material_library/t_aged_brass_normal.png
Loading resource: res://.godot/imported/t_aged_brass_normal.png-8e39d8996b346af431d3dca26c806cc9.s3tc.ctex remapped: res://.godot/imported/t_aged_brass_normal.png-8e39d8996b346af431d3dca26c806cc9.s3tc.ctex
Completed load for: 'res://art/textures/material_library/t_aged_brass_normal.png' remapped 'res://art/textures/material_library/t_aged_brass_normal.png' at thread -1
Loading resource: res://art/textures/material_library/t_aged_brass_orm.png remapped: res://art/textures/material_library/t_aged_brass_orm.png
Loading resource: res://.godot/imported/t_aged_brass_orm.png-3d326ed2e26256e8095984503e4be2d1.bptc.ctex remapped: res://.godot/imported/t_aged_brass_orm.png-3d326ed2e26256e8095984503e4be2d1.bptc.ctex
Completed load for: 'res://art/textures/material_library/t_aged_brass_orm.png' remapped 'res://art/textures/material_library/t_aged_brass_orm.png' at thread -1
Completed load for: 'res://art/materials/m_aged_brass.tres' remapped 'res://art/materials/m_aged_brass.tres' at thread -1
[   1% ] [90m[1mimport[22m | Running Custom Script...[39m[0m
[  99% ] [90m[1mimport[22m | Saving...[39m[0m
Saving scene to: res://.godot/imported/sm_s01_hub_floor.glb-c55f6e3bf7cf6e49807197ce28051152.scn
[92m[ DONE ][39m [1mimport[22m
[0m
EditorFileSystem: "res://art/meshes/archive_kit/sm_s01_hub_floor.glb" import took 22 ms.
[  88% ] [90m[1mreimport[22m | sm_s01_hub_dome_sky.glb[39m[0m
EditorFileSystem: Importing file: res://art/meshes/archive_kit/sm_s01_hub_dome_sky.glb
[   0% ] [90m[1mimport[22m | Started Import Scene (104 steps)[39m[0m
[   0% ] [90m[1mimport[22m | Importing Scene...[39m[0m
glTF: Total buffers: 1
glTF: Total buffer views: 5
glTF: Total accessors: 5
Total materials: 1
glTF: Parsing mesh: 0
WARNING: glTF import: Buffer view byte stride should be declared for vertex attributes. Assuming packed data and reading anyway.
WARNING: glTF import: Buffer view byte stride should be declared for vertex attributes. Assuming packed data and reading anyway.
WARNING: glTF import: Buffer view byte stride should be declared for vertex attributes. Assuming packed data and reading anyway.
WARNING: glTF import: Buffer view byte stride should be declared for vertex attributes. Assuming packed data and reading anyway.
WARNING: glTF import: Buffer view byte stride should be declared for vertex attributes. Assuming packed data and reading anyway.
glTF: Total meshes: 1
glTF: Creating mesh for: sm_s01_hub_dome_sky
Loading resource: res://art/materials/m_hub_night_sky.tres remapped: res://art/materials/m_hub_night_sky.tres
Loading resource: res://art/shaders/hub_night_sky.gdshader remapped: res://art/shaders/hub_night_sky.gdshader
Completed load for: 'res://art/shaders/hub_night_sky.gdshader' remapped 'res://art/shaders/hub_night_sky.gdshader' at thread -1
Completed load for: 'res://art/materials/m_hub_night_sky.tres' remapped 'res://art/materials/m_hub_night_sky.tres' at thread -1
[   1% ] [90m[1mimport[22m | Running Custom Script...[39m[0m
[  99% ] [90m[1mimport[22m | Saving...[39m[0m
Saving scene to: res://.godot/imported/sm_s01_hub_dome_sky.glb-6d858dde9f4156656dc4550af1f7181e.scn
[92m[ DONE ][39m [1mimport[22m
[0m
EditorFileSystem: "res://art/meshes/archive_kit/sm_s01_hub_dome_sky.glb" import took 11 ms.
[  90% ] [90m[1mreimport[22m | sm_s01_hub_dome_glass.glb[39m[0m
EditorFileSystem: Importing file: res://art/meshes/archive_kit/sm_s01_hub_dome_glass.glb
[   0% ] [90m[1mimport[22m | Started Import Scene (104 steps)[39m[0m
[   0% ] [90m[1mimport[22m | Importing Scene...[39m[0m
glTF: Total buffers: 1
glTF: Total buffer views: 5
glTF: Total accessors: 5
Total materials: 1
glTF: Parsing mesh: 0
WARNING: glTF import: Buffer view byte stride should be declared for vertex attributes. Assuming packed data and reading anyway.
WARNING: glTF import: Buffer view byte stride should be declared for vertex attributes. Assuming packed data and reading anyway.
WARNING: glTF import: Buffer view byte stride should be declared for vertex attributes. Assuming packed data and reading anyway.
WARNING: glTF import: Buffer view byte stride should be declared for vertex attributes. Assuming packed data and reading anyway.
WARNING: glTF import: Buffer view byte stride should be declared for vertex attributes. Assuming packed data and reading anyway.
glTF: Total meshes: 1
glTF: Creating mesh for: sm_s01_hub_dome_glass
Loading resource: res://art/materials/m_clear_glass.tres remapped: res://art/materials/m_clear_glass.tres
Completed load for: 'res://art/materials/m_clear_glass.tres' remapped 'res://art/materials/m_clear_glass.tres' at thread -1
[   1% ] [90m[1mimport[22m | Running Custom Script...[39m[0m
[  99% ] [90m[1mimport[22m | Saving...[39m[0m
Saving scene to: res://.godot/imported/sm_s01_hub_dome_glass.glb-a79c37cc2a16399ea3779f3ff0a4612a.scn
[92m[ DONE ][39m [1mimport[22m
[0m
EditorFileSystem: "res://art/meshes/archive_kit/sm_s01_hub_dome_glass.glb" import took 13 ms.
[  91% ] [90m[1mreimport[22m | sm_s01_hub_dome_frame.glb[39m[0m
EditorFileSystem: Importing file: res://art/meshes/archive_kit/sm_s01_hub_dome_frame.glb
[   0% ] [90m[1mimport[22m | Started Import Scene (104 steps)[39m[0m
[   0% ] [90m[1mimport[22m | Importing Scene...[39m[0m
glTF: Total buffers: 1
glTF: Total buffer views: 15
glTF: Total accessors: 15
Total materials: 3
glTF: Parsing mesh: 0
WARNING: glTF import: Buffer view byte stride should be declared for vertex attributes. Assuming packed data and reading anyway.
WARNING: glTF import: Buffer view byte stride should be declared for vertex attributes. Assuming packed data and reading anyway.
WARNING: glTF import: Buffer view byte stride should be declared for vertex attributes. Assuming packed data and reading anyway.
WARNING: glTF import: Buffer view byte stride should be declared for vertex attributes. Assuming packed data and reading anyway.
WARNING: glTF import: Buffer view byte stride should be declared for vertex attributes. Assuming packed data and reading anyway.
WARNING: glTF import: Buffer view byte stride should be declared for vertex attributes. Assuming packed data and reading anyway.
WARNING: glTF import: Buffer view byte stride should be declared for vertex attributes. Assuming packed data and reading anyway.
WARNING: glTF import: Buffer view byte stride should be declared for vertex attributes. Assuming packed data and reading anyway.
WARNING: glTF import: Buffer view byte stride should be declared for vertex attributes. Assuming packed data and reading anyway.
WARNING: glTF import: Buffer view byte stride should be declared for vertex attributes. Assuming packed data and reading anyway.
WARNING: glTF import: Buffer view byte stride should be declared for vertex attributes. Assuming packed data and reading anyway.
WARNING: glTF import: Buffer view byte stride should be declared for vertex attributes. Assuming packed data and reading anyway.
WARNING: glTF import: Buffer view byte stride should be declared for vertex attributes. Assuming packed data and reading anyway.
WARNING: glTF import: Buffer view byte stride should be declared for vertex attributes. Assuming packed data and reading anyway.
WARNING: glTF import: Buffer view byte stride should be declared for vertex attributes. Assuming packed data and reading anyway.
glTF: Total meshes: 1
glTF: Creating mesh for: sm_s01_hub_dome_frame
Loading resource: res://art/materials/m_dark_walnut.tres remapped: res://art/materials/m_dark_walnut.tres
Loading resource: res://art/textures/material_library/t_dark_walnut_albedo.png remapped: res://art/textures/material_library/t_dark_walnut_albedo.png
Loading resource: res://.godot/imported/t_dark_walnut_albedo.png-eeb53fd26080333269d26f1244156de6.s3tc.ctex remapped: res://.godot/imported/t_dark_walnut_albedo.png-eeb53fd26080333269d26f1244156de6.s3tc.ctex
Completed load for: 'res://art/textures/material_library/t_dark_walnut_albedo.png' remapped 'res://art/textures/material_library/t_dark_walnut_albedo.png' at thread -1
Loading resource: res://art/textures/material_library/t_dark_walnut_normal.png remapped: res://art/textures/material_library/t_dark_walnut_normal.png
Loading resource: res://.godot/imported/t_dark_walnut_normal.png-0da8c0cbc718834a50d80f1e10dd6f67.s3tc.ctex remapped: res://.godot/imported/t_dark_walnut_normal.png-0da8c0cbc718834a50d80f1e10dd6f67.s3tc.ctex
Completed load for: 'res://art/textures/material_library/t_dark_walnut_normal.png' remapped 'res://art/textures/material_library/t_dark_walnut_normal.png' at thread -1
Loading resource: res://art/textures/material_library/t_dark_walnut_orm.png remapped: res://art/textures/material_library/t_dark_walnut_orm.png
Loading resource: res://.godot/imported/t_dark_walnut_orm.png-80714522fb65226a649b9a39ea999577.s3tc.ctex remapped: res://.godot/imported/t_dark_walnut_orm.png-80714522fb65226a649b9a39ea999577.s3tc.ctex
Completed load for: 'res://art/textures/material_library/t_dark_walnut_orm.png' remapped 'res://art/textures/material_library/t_dark_walnut_orm.png' at thread -1
Completed load for: 'res://art/materials/m_dark_walnut.tres' remapped 'res://art/materials/m_dark_walnut.tres' at thread -1
Loading resource: res://art/materials/m_dark_iron.tres remapped: res://art/materials/m_dark_iron.tres
Loading resource: res://art/textures/material_library/t_dark_iron_albedo.png remapped: res://art/textures/material_library/t_dark_iron_albedo.png
Loading resource: res://.godot/imported/t_dark_iron_albedo.png-66c578930998aa52cde4476e849cd53e.bptc.ctex remapped: res://.godot/imported/t_dark_iron_albedo.png-66c578930998aa52cde4476e849cd53e.bptc.ctex
Completed load for: 'res://art/textures/material_library/t_dark_iron_albedo.png' remapped 'res://art/textures/material_library/t_dark_iron_albedo.png' at thread -1
Loading resource: res://art/textures/material_library/t_dark_iron_normal.png remapped: res://art/textures/material_library/t_dark_iron_normal.png
Loading resource: res://.godot/imported/t_dark_iron_normal.png-b114b4c4e436e88cf9c30b356a3fdc97.s3tc.ctex remapped: res://.godot/imported/t_dark_iron_normal.png-b114b4c4e436e88cf9c30b356a3fdc97.s3tc.ctex
Completed load for: 'res://art/textures/material_library/t_dark_iron_normal.png' remapped 'res://art/textures/material_library/t_dark_iron_normal.png' at thread -1
Loading resource: res://art/textures/material_library/t_dark_iron_orm.png remapped: res://art/textures/material_library/t_dark_iron_orm.png
Loading resource: res://.godot/imported/t_dark_iron_orm.png-26d916cff2f6d9ab53816438c312c0a3.bptc.ctex remapped: res://.godot/imported/t_dark_iron_orm.png-26d916cff2f6d9ab53816438c312c0a3.bptc.ctex
Completed load for: 'res://art/textures/material_library/t_dark_iron_orm.png' remapped 'res://art/textures/material_library/t_dark_iron_orm.png' at thread -1
Completed load for: 'res://art/materials/m_dark_iron.tres' remapped 'res://art/materials/m_dark_iron.tres' at thread -1
Loading resource: res://art/materials/m_aged_brass.tres remapped: res://art/materials/m_aged_brass.tres
Loading resource: res://art/textures/material_library/t_aged_brass_albedo.png remapped: res://art/textures/material_library/t_aged_brass_albedo.png
Loading resource: res://.godot/imported/t_aged_brass_albedo.png-abc56163ac1f88b0fdc87aa9855967f6.bptc.ctex remapped: res://.godot/imported/t_aged_brass_albedo.png-abc56163ac1f88b0fdc87aa9855967f6.bptc.ctex
Completed load for: 'res://art/textures/material_library/t_aged_brass_albedo.png' remapped 'res://art/textures/material_library/t_aged_brass_albedo.png' at thread -1
Loading resource: res://art/textures/material_library/t_aged_brass_normal.png remapped: res://art/textures/material_library/t_aged_brass_normal.png
Loading resource: res://.godot/imported/t_aged_brass_normal.png-8e39d8996b346af431d3dca26c806cc9.s3tc.ctex remapped: res://.godot/imported/t_aged_brass_normal.png-8e39d8996b346af431d3dca26c806cc9.s3tc.ctex
Completed load for: 'res://art/textures/material_library/t_aged_brass_normal.png' remapped 'res://art/textures/material_library/t_aged_brass_normal.png' at thread -1
Loading resource: res://art/textures/material_library/t_aged_brass_orm.png remapped: res://art/textures/material_library/t_aged_brass_orm.png
Loading resource: res://.godot/imported/t_aged_brass_orm.png-3d326ed2e26256e8095984503e4be2d1.bptc.ctex remapped: res://.godot/imported/t_aged_brass_orm.png-3d326ed2e26256e8095984503e4be2d1.bptc.ctex
Completed load for: 'res://art/textures/material_library/t_aged_brass_orm.png' remapped 'res://art/textures/material_library/t_aged_brass_orm.png' at thread -1
Completed load for: 'res://art/materials/m_aged_brass.tres' remapped 'res://art/materials/m_aged_brass.tres' at thread -1
[   1% ] [90m[1mimport[22m | Running Custom Script...[39m[0m
[  99% ] [90m[1mimport[22m | Saving...[39m[0m
Saving scene to: res://.godot/imported/sm_s01_hub_dome_frame.glb-3a8a0e6d43fc5d8f0e6ac205a883ae74.scn
[92m[ DONE ][39m [1mimport[22m
[0m
EditorFileSystem: "res://art/meshes/archive_kit/sm_s01_hub_dome_frame.glb" import took 20 ms.
[  92% ] [90m[1mreimport[22m | sm_s01_hub_dome_drum.glb[39m[0m
EditorFileSystem: Importing file: res://art/meshes/archive_kit/sm_s01_hub_dome_drum.glb
[   0% ] [90m[1mimport[22m | Started Import Scene (104 steps)[39m[0m
[   0% ] [90m[1mimport[22m | Importing Scene...[39m[0m
glTF: Total buffers: 1
glTF: Total buffer views: 20
glTF: Total accessors: 20
Total materials: 4
glTF: Parsing mesh: 0
WARNING: glTF import: Buffer view byte stride should be declared for vertex attributes. Assuming packed data and reading anyway.
WARNING: glTF import: Buffer view byte stride should be declared for vertex attributes. Assuming packed data and reading anyway.
WARNING: glTF import: Buffer view byte stride should be declared for vertex attributes. Assuming packed data and reading anyway.
WARNING: glTF import: Buffer view byte stride should be declared for vertex attributes. Assuming packed data and reading anyway.
WARNING: glTF import: Buffer view byte stride should be declared for vertex attributes. Assuming packed data and reading anyway.
WARNING: glTF import: Buffer view byte stride should be declared for vertex attributes. Assuming packed data and reading anyway.
WARNING: glTF import: Buffer view byte stride should be declared for vertex attributes. Assuming packed data and reading anyway.
WARNING: glTF import: Buffer view byte stride should be declared for vertex attributes. Assuming packed data and reading anyway.
WARNING: glTF import: Buffer view byte stride should be declared for vertex attributes. Assuming packed data and reading anyway.
WARNING: glTF import: Buffer view byte stride should be declared for vertex attributes. Assuming packed data and reading anyway.
WARNING: glTF import: Buffer view byte stride should be declared for vertex attributes. Assuming packed data and reading anyway.
WARNING: glTF import: Buffer view byte stride should be declared for vertex attributes. Assuming packed data and reading anyway.
WARNING: glTF import: Buffer view byte stride should be declared for vertex attributes. Assuming packed data and reading anyway.
WARNING: glTF import: Buffer view byte stride should be declared for vertex attributes. Assuming packed data and reading anyway.
WARNING: glTF import: Buffer view byte stride should be declared for vertex attributes. Assuming packed data and reading anyway.
WARNING: glTF import: Buffer view byte stride should be declared for vertex attributes. Assuming packed data and reading anyway.
WARNING: glTF import: Buffer view byte stride should be declared for vertex attributes. Assuming packed data and reading anyway.
WARNING: glTF import: Buffer view byte stride should be declared for vertex attributes. Assuming packed data and reading anyway.
WARNING: glTF import: Buffer view byte stride should be declared for vertex attributes. Assuming packed data and reading anyway.
WARNING: glTF import: Buffer view byte stride should be declared for vertex attributes. Assuming packed data and reading anyway.
glTF: Total meshes: 1
glTF: Creating mesh for: sm_s01_hub_dome_drum
Loading resource: res://art/materials/m_observatory_stone.tres remapped: res://art/materials/m_observatory_stone.tres
Loading resource: res://art/textures/material_library/t_observatory_stone_albedo.png remapped: res://art/textures/material_library/t_observatory_stone_albedo.png
Loading resource: res://.godot/imported/t_observatory_stone_albedo.png-43349643c0875f5ace3ffdb2d210c57f.s3tc.ctex remapped: res://.godot/imported/t_observatory_stone_albedo.png-43349643c0875f5ace3ffdb2d210c57f.s3tc.ctex
Completed load for: 'res://art/textures/material_library/t_observatory_stone_albedo.png' remapped 'res://art/textures/material_library/t_observatory_stone_albedo.png' at thread -1
Loading resource: res://art/textures/material_library/t_observatory_stone_normal.png remapped: res://art/textures/material_library/t_observatory_stone_normal.png
Loading resource: res://.godot/imported/t_observatory_stone_normal.png-47e0f6bff75f2896b77ed27a272dde2f.s3tc.ctex remapped: res://.godot/imported/t_observatory_stone_normal.png-47e0f6bff75f2896b77ed27a272dde2f.s3tc.ctex
Completed load for: 'res://art/textures/material_library/t_observatory_stone_normal.png' remapped 'res://art/textures/material_library/t_observatory_stone_normal.png' at thread -1
Loading resource: res://art/textures/material_library/t_observatory_stone_orm.png remapped: res://art/textures/material_library/t_observatory_stone_orm.png
Loading resource: res://.godot/imported/t_observatory_stone_orm.png-4da19abca2400c1ea60157ddc8b2fe43.s3tc.ctex remapped: res://.godot/imported/t_observatory_stone_orm.png-4da19abca2400c1ea60157ddc8b2fe43.s3tc.ctex
Completed load for: 'res://art/textures/material_library/t_observatory_stone_orm.png' remapped 'res://art/textures/material_library/t_observatory_stone_orm.png' at thread -1
Completed load for: 'res://art/materials/m_observatory_stone.tres' remapped 'res://art/materials/m_observatory_stone.tres' at thread -1
Loading resource: res://art/materials/m_dark_walnut.tres remapped: res://art/materials/m_dark_walnut.tres
Loading resource: res://art/textures/material_library/t_dark_walnut_albedo.png remapped: res://art/textures/material_library/t_dark_walnut_albedo.png
Loading resource: res://.godot/imported/t_dark_walnut_albedo.png-eeb53fd26080333269d26f1244156de6.s3tc.ctex remapped: res://.godot/imported/t_dark_walnut_albedo.png-eeb53fd26080333269d26f1244156de6.s3tc.ctex
Completed load for: 'res://art/textures/material_library/t_dark_walnut_albedo.png' remapped 'res://art/textures/material_library/t_dark_walnut_albedo.png' at thread -1
Loading resource: res://art/textures/material_library/t_dark_walnut_normal.png remapped: res://art/textures/material_library/t_dark_walnut_normal.png
Loading resource: res://.godot/imported/t_dark_walnut_normal.png-0da8c0cbc718834a50d80f1e10dd6f67.s3tc.ctex remapped: res://.godot/imported/t_dark_walnut_normal.png-0da8c0cbc718834a50d80f1e10dd6f67.s3tc.ctex
Completed load for: 'res://art/textures/material_library/t_dark_walnut_normal.png' remapped 'res://art/textures/material_library/t_dark_walnut_normal.png' at thread -1
Loading resource: res://art/textures/material_library/t_dark_walnut_orm.png remapped: res://art/textures/material_library/t_dark_walnut_orm.png
Loading resource: res://.godot/imported/t_dark_walnut_orm.png-80714522fb65226a649b9a39ea999577.s3tc.ctex remapped: res://.godot/imported/t_dark_walnut_orm.png-80714522fb65226a649b9a39ea999577.s3tc.ctex
Completed load for: 'res://art/textures/material_library/t_dark_walnut_orm.png' remapped 'res://art/textures/material_library/t_dark_walnut_orm.png' at thread -1
Completed load for: 'res://art/materials/m_dark_walnut.tres' remapped 'res://art/materials/m_dark_walnut.tres' at thread -1
Loading resource: res://art/materials/m_dark_iron.tres remapped: res://art/materials/m_dark_iron.tres
Loading resource: res://art/textures/material_library/t_dark_iron_albedo.png remapped: res://art/textures/material_library/t_dark_iron_albedo.png
Loading resource: res://.godot/imported/t_dark_iron_albedo.png-66c578930998aa52cde4476e849cd53e.bptc.ctex remapped: res://.godot/imported/t_dark_iron_albedo.png-66c578930998aa52cde4476e849cd53e.bptc.ctex
Completed load for: 'res://art/textures/material_library/t_dark_iron_albedo.png' remapped 'res://art/textures/material_library/t_dark_iron_albedo.png' at thread -1
Loading resource: res://art/textures/material_library/t_dark_iron_normal.png remapped: res://art/textures/material_library/t_dark_iron_normal.png
Loading resource: res://.godot/imported/t_dark_iron_normal.png-b114b4c4e436e88cf9c30b356a3fdc97.s3tc.ctex remapped: res://.godot/imported/t_dark_iron_normal.png-b114b4c4e436e88cf9c30b356a3fdc97.s3tc.ctex
Completed load for: 'res://art/textures/material_library/t_dark_iron_normal.png' remapped 'res://art/textures/material_library/t_dark_iron_normal.png' at thread -1
Loading resource: res://art/textures/material_library/t_dark_iron_orm.png remapped: res://art/textures/material_library/t_dark_iron_orm.png
Loading resource: res://.godot/imported/t_dark_iron_orm.png-26d916cff2f6d9ab53816438c312c0a3.bptc.ctex remapped: res://.godot/imported/t_dark_iron_orm.png-26d916cff2f6d9ab53816438c312c0a3.bptc.ctex
Completed load for: 'res://art/textures/material_library/t_dark_iron_orm.png' remapped 'res://art/textures/material_library/t_dark_iron_orm.png' at thread -1
Completed load for: 'res://art/materials/m_dark_iron.tres' remapped 'res://art/materials/m_dark_iron.tres' at thread -1
Loading resource: res://art/materials/m_aged_brass.tres remapped: res://art/materials/m_aged_brass.tres
Loading resource: res://art/textures/material_library/t_aged_brass_albedo.png remapped: res://art/textures/material_library/t_aged_brass_albedo.png
Loading resource: res://.godot/imported/t_aged_brass_albedo.png-abc56163ac1f88b0fdc87aa9855967f6.bptc.ctex remapped: res://.godot/imported/t_aged_brass_albedo.png-abc56163ac1f88b0fdc87aa9855967f6.bptc.ctex
Completed load for: 'res://art/textures/material_library/t_aged_brass_albedo.png' remapped 'res://art/textures/material_library/t_aged_brass_albedo.png' at thread -1
Loading resource: res://art/textures/material_library/t_aged_brass_normal.png remapped: res://art/textures/material_library/t_aged_brass_normal.png
Loading resource: res://.godot/imported/t_aged_brass_normal.png-8e39d8996b346af431d3dca26c806cc9.s3tc.ctex remapped: res://.godot/imported/t_aged_brass_normal.png-8e39d8996b346af431d3dca26c806cc9.s3tc.ctex
Completed load for: 'res://art/textures/material_library/t_aged_brass_normal.png' remapped 'res://art/textures/material_library/t_aged_brass_normal.png' at thread -1
Loading resource: res://art/textures/material_library/t_aged_brass_orm.png remapped: res://art/textures/material_library/t_aged_brass_orm.png
Loading resource: res://.godot/imported/t_aged_brass_orm.png-3d326ed2e26256e8095984503e4be2d1.bptc.ctex remapped: res://.godot/imported/t_aged_brass_orm.png-3d326ed2e26256e8095984503e4be2d1.bptc.ctex
Completed load for: 'res://art/textures/material_library/t_aged_brass_orm.png' remapped 'res://art/textures/material_library/t_aged_brass_orm.png' at thread -1
Completed load for: 'res://art/materials/m_aged_brass.tres' remapped 'res://art/materials/m_aged_brass.tres' at thread -1
[   1% ] [90m[1mimport[22m | Running Custom Script...[39m[0m
[  99% ] [90m[1mimport[22m | Saving...[39m[0m
Saving scene to: res://.godot/imported/sm_s01_hub_dome_drum.glb-1fffa47e9b520fcaa7a3595c472fd1d2.scn
[92m[ DONE ][39m [1mimport[22m
[0m
EditorFileSystem: "res://art/meshes/archive_kit/sm_s01_hub_dome_drum.glb" import took 50 ms.
[  94% ] [90m[1mreimport[22m | sm_s01_core_pedestal.glb[39m[0m
EditorFileSystem: Importing file: res://art/meshes/archive_kit/sm_s01_core_pedestal.glb
[   0% ] [90m[1mimport[22m | Started Import Scene (104 steps)[39m[0m
[   0% ] [90m[1mimport[22m | Importing Scene...[39m[0m
glTF: Total buffers: 1
glTF: Total buffer views: 25
glTF: Total accessors: 25
Total materials: 5
glTF: Parsing mesh: 0
WARNING: glTF import: Buffer view byte stride should be declared for vertex attributes. Assuming packed data and reading anyway.
WARNING: glTF import: Buffer view byte stride should be declared for vertex attributes. Assuming packed data and reading anyway.
WARNING: glTF import: Buffer view byte stride should be declared for vertex attributes. Assuming packed data and reading anyway.
WARNING: glTF import: Buffer view byte stride should be declared for vertex attributes. Assuming packed data and reading anyway.
WARNING: glTF import: Buffer view byte stride should be declared for vertex attributes. Assuming packed data and reading anyway.
WARNING: glTF import: Buffer view byte stride should be declared for vertex attributes. Assuming packed data and reading anyway.
WARNING: glTF import: Buffer view byte stride should be declared for vertex attributes. Assuming packed data and reading anyway.
WARNING: glTF import: Buffer view byte stride should be declared for vertex attributes. Assuming packed data and reading anyway.
WARNING: glTF import: Buffer view byte stride should be declared for vertex attributes. Assuming packed data and reading anyway.
WARNING: glTF import: Buffer view byte stride should be declared for vertex attributes. Assuming packed data and reading anyway.
WARNING: glTF import: Buffer view byte stride should be declared for vertex attributes. Assuming packed data and reading anyway.
WARNING: glTF import: Buffer view byte stride should be declared for vertex attributes. Assuming packed data and reading anyway.
WARNING: glTF import: Buffer view byte stride should be declared for vertex attributes. Assuming packed data and reading anyway.
WARNING: glTF import: Buffer view byte stride should be declared for vertex attributes. Assuming packed data and reading anyway.
WARNING: glTF import: Buffer view byte stride should be declared for vertex attributes. Assuming packed data and reading anyway.
WARNING: glTF import: Buffer view byte stride should be declared for vertex attributes. Assuming packed data and reading anyway.
WARNING: glTF import: Buffer view byte stride should be declared for vertex attributes. Assuming packed data and reading anyway.
WARNING: glTF import: Buffer view byte stride should be declared for vertex attributes. Assuming packed data and reading anyway.
WARNING: glTF import: Buffer view byte stride should be declared for vertex attributes. Assuming packed data and reading anyway.
WARNING: glTF import: Buffer view byte stride should be declared for vertex attributes. Assuming packed data and reading anyway.
WARNING: glTF import: Buffer view byte stride should be declared for vertex attributes. Assuming packed data and reading anyway.
WARNING: glTF import: Buffer view byte stride should be declared for vertex attributes. Assuming packed data and reading anyway.
WARNING: glTF import: Buffer view byte stride should be declared for vertex attributes. Assuming packed data and reading anyway.
WARNING: glTF import: Buffer view byte stride should be declared for vertex attributes. Assuming packed data and reading anyway.
WARNING: glTF import: Buffer view byte stride should be declared for vertex attributes. Assuming packed data and reading anyway.
glTF: Total meshes: 1
glTF: Creating mesh for: sm_s01_core_pedestal
Loading resource: res://art/materials/m_observatory_stone.tres remapped: res://art/materials/m_observatory_stone.tres
Loading resource: res://art/textures/material_library/t_observatory_stone_albedo.png remapped: res://art/textures/material_library/t_observatory_stone_albedo.png
Loading resource: res://.godot/imported/t_observatory_stone_albedo.png-43349643c0875f5ace3ffdb2d210c57f.s3tc.ctex remapped: res://.godot/imported/t_observatory_stone_albedo.png-43349643c0875f5ace3ffdb2d210c57f.s3tc.ctex
Completed load for: 'res://art/textures/material_library/t_observatory_stone_albedo.png' remapped 'res://art/textures/material_library/t_observatory_stone_albedo.png' at thread -1
Loading resource: res://art/textures/material_library/t_observatory_stone_normal.png remapped: res://art/textures/material_library/t_observatory_stone_normal.png
Loading resource: res://.godot/imported/t_observatory_stone_normal.png-47e0f6bff75f2896b77ed27a272dde2f.s3tc.ctex remapped: res://.godot/imported/t_observatory_stone_normal.png-47e0f6bff75f2896b77ed27a272dde2f.s3tc.ctex
Completed load for: 'res://art/textures/material_library/t_observatory_stone_normal.png' remapped 'res://art/textures/material_library/t_observatory_stone_normal.png' at thread -1
Loading resource: res://art/textures/material_library/t_observatory_stone_orm.png remapped: res://art/textures/material_library/t_observatory_stone_orm.png
Loading resource: res://.godot/imported/t_observatory_stone_orm.png-4da19abca2400c1ea60157ddc8b2fe43.s3tc.ctex remapped: res://.godot/imported/t_observatory_stone_orm.png-4da19abca2400c1ea60157ddc8b2fe43.s3tc.ctex
Completed load for: 'res://art/textures/material_library/t_observatory_stone_orm.png' remapped 'res://art/textures/material_library/t_observatory_stone_orm.png' at thread -1
Completed load for: 'res://art/materials/m_observatory_stone.tres' remapped 'res://art/materials/m_observatory_stone.tres' at thread -1
Loading resource: res://art/materials/m_dark_walnut.tres remapped: res://art/materials/m_dark_walnut.tres
Loading resource: res://art/textures/material_library/t_dark_walnut_albedo.png remapped: res://art/textures/material_library/t_dark_walnut_albedo.png
Loading resource: res://.godot/imported/t_dark_walnut_albedo.png-eeb53fd26080333269d26f1244156de6.s3tc.ctex remapped: res://.godot/imported/t_dark_walnut_albedo.png-eeb53fd26080333269d26f1244156de6.s3tc.ctex
Completed load for: 'res://art/textures/material_library/t_dark_walnut_albedo.png' remapped 'res://art/textures/material_library/t_dark_walnut_albedo.png' at thread -1
Loading resource: res://art/textures/material_library/t_dark_walnut_normal.png remapped: res://art/textures/material_library/t_dark_walnut_normal.png
Loading resource: res://.godot/imported/t_dark_walnut_normal.png-0da8c0cbc718834a50d80f1e10dd6f67.s3tc.ctex remapped: res://.godot/imported/t_dark_walnut_normal.png-0da8c0cbc718834a50d80f1e10dd6f67.s3tc.ctex
Completed load for: 'res://art/textures/material_library/t_dark_walnut_normal.png' remapped 'res://art/textures/material_library/t_dark_walnut_normal.png' at thread -1
Loading resource: res://art/textures/material_library/t_dark_walnut_orm.png remapped: res://art/textures/material_library/t_dark_walnut_orm.png
Loading resource: res://.godot/imported/t_dark_walnut_orm.png-80714522fb65226a649b9a39ea999577.s3tc.ctex remapped: res://.godot/imported/t_dark_walnut_orm.png-80714522fb65226a649b9a39ea999577.s3tc.ctex
Completed load for: 'res://art/textures/material_library/t_dark_walnut_orm.png' remapped 'res://art/textures/material_library/t_dark_walnut_orm.png' at thread -1
Completed load for: 'res://art/materials/m_dark_walnut.tres' remapped 'res://art/materials/m_dark_walnut.tres' at thread -1
Loading resource: res://art/materials/m_dark_iron.tres remapped: res://art/materials/m_dark_iron.tres
Loading resource: res://art/textures/material_library/t_dark_iron_albedo.png remapped: res://art/textures/material_library/t_dark_iron_albedo.png
Loading resource: res://.godot/imported/t_dark_iron_albedo.png-66c578930998aa52cde4476e849cd53e.bptc.ctex remapped: res://.godot/imported/t_dark_iron_albedo.png-66c578930998aa52cde4476e849cd53e.bptc.ctex
Completed load for: 'res://art/textures/material_library/t_dark_iron_albedo.png' remapped 'res://art/textures/material_library/t_dark_iron_albedo.png' at thread -1
Loading resource: res://art/textures/material_library/t_dark_iron_normal.png remapped: res://art/textures/material_library/t_dark_iron_normal.png
Loading resource: res://.godot/imported/t_dark_iron_normal.png-b114b4c4e436e88cf9c30b356a3fdc97.s3tc.ctex remapped: res://.godot/imported/t_dark_iron_normal.png-b114b4c4e436e88cf9c30b356a3fdc97.s3tc.ctex
Completed load for: 'res://art/textures/material_library/t_dark_iron_normal.png' remapped 'res://art/textures/material_library/t_dark_iron_normal.png' at thread -1
Loading resource: res://art/textures/material_library/t_dark_iron_orm.png remapped: res://art/textures/material_library/t_dark_iron_orm.png
Loading resource: res://.godot/imported/t_dark_iron_orm.png-26d916cff2f6d9ab53816438c312c0a3.bptc.ctex remapped: res://.godot/imported/t_dark_iron_orm.png-26d916cff2f6d9ab53816438c312c0a3.bptc.ctex
Completed load for: 'res://art/textures/material_library/t_dark_iron_orm.png' remapped 'res://art/textures/material_library/t_dark_iron_orm.png' at thread -1
Completed load for: 'res://art/materials/m_dark_iron.tres' remapped 'res://art/materials/m_dark_iron.tres' at thread -1
Loading resource: res://art/materials/m_aged_brass.tres remapped: res://art/materials/m_aged_brass.tres
Loading resource: res://art/textures/material_library/t_aged_brass_albedo.png remapped: res://art/textures/material_library/t_aged_brass_albedo.png
Loading resource: res://.godot/imported/t_aged_brass_albedo.png-abc56163ac1f88b0fdc87aa9855967f6.bptc.ctex remapped: res://.godot/imported/t_aged_brass_albedo.png-abc56163ac1f88b0fdc87aa9855967f6.bptc.ctex
Completed load for: 'res://art/textures/material_library/t_aged_brass_albedo.png' remapped 'res://art/textures/material_library/t_aged_brass_albedo.png' at thread -1
Loading resource: res://art/textures/material_library/t_aged_brass_normal.png remapped: res://art/textures/material_library/t_aged_brass_normal.png
Loading resource: res://.godot/imported/t_aged_brass_normal.png-8e39d8996b346af431d3dca26c806cc9.s3tc.ctex remapped: res://.godot/imported/t_aged_brass_normal.png-8e39d8996b346af431d3dca26c806cc9.s3tc.ctex
Completed load for: 'res://art/textures/material_library/t_aged_brass_normal.png' remapped 'res://art/textures/material_library/t_aged_brass_normal.png' at thread -1
Loading resource: res://art/textures/material_library/t_aged_brass_orm.png remapped: res://art/textures/material_library/t_aged_brass_orm.png
Loading resource: res://.godot/imported/t_aged_brass_orm.png-3d326ed2e26256e8095984503e4be2d1.bptc.ctex remapped: res://.godot/imported/t_aged_brass_orm.png-3d326ed2e26256e8095984503e4be2d1.bptc.ctex
Completed load for: 'res://art/textures/material_library/t_aged_brass_orm.png' remapped 'res://art/textures/material_library/t_aged_brass_orm.png' at thread -1
Completed load for: 'res://art/materials/m_aged_brass.tres' remapped 'res://art/materials/m_aged_brass.tres' at thread -1
Loading resource: res://art/materials/m_crimson_textile.tres remapped: res://art/materials/m_crimson_textile.tres
Loading resource: res://art/textures/material_library/t_woven_textile_albedo.png remapped: res://art/textures/material_library/t_woven_textile_albedo.png
Loading resource: res://.godot/imported/t_woven_textile_albedo.png-9e29b4e83b199f138d1df37fac0d7268.s3tc.ctex remapped: res://.godot/imported/t_woven_textile_albedo.png-9e29b4e83b199f138d1df37fac0d7268.s3tc.ctex
Completed load for: 'res://art/textures/material_library/t_woven_textile_albedo.png' remapped 'res://art/textures/material_library/t_woven_textile_albedo.png' at thread -1
Loading resource: res://art/textures/material_library/t_woven_textile_normal.png remapped: res://art/textures/material_library/t_woven_textile_normal.png
Loading resource: res://.godot/imported/t_woven_textile_normal.png-3c03783a156691d57565b008a8be7444.s3tc.ctex remapped: res://.godot/imported/t_woven_textile_normal.png-3c03783a156691d57565b008a8be7444.s3tc.ctex
Completed load for: 'res://art/textures/material_library/t_woven_textile_normal.png' remapped 'res://art/textures/material_library/t_woven_textile_normal.png' at thread -1
Loading resource: res://art/textures/material_library/t_woven_textile_orm.png remapped: res://art/textures/material_library/t_woven_textile_orm.png
Loading resource: res://.godot/imported/t_woven_textile_orm.png-0973fdd338724e02d2a305aa9ff5826a.s3tc.ctex remapped: res://.godot/imported/t_woven_textile_orm.png-0973fdd338724e02d2a305aa9ff5826a.s3tc.ctex
Completed load for: 'res://art/textures/material_library/t_woven_textile_orm.png' remapped 'res://art/textures/material_library/t_woven_textile_orm.png' at thread -1
Completed load for: 'res://art/materials/m_crimson_textile.tres' remapped 'res://art/materials/m_crimson_textile.tres' at thread -1
[   1% ] [90m[1mimport[22m | Running Custom Script...[39m[0m
[  99% ] [90m[1mimport[22m | Saving...[39m[0m
Saving scene to: res://.godot/imported/sm_s01_core_pedestal.glb-c12c1433be78ca196d89d6f5eb0e34a3.scn
[92m[ DONE ][39m [1mimport[22m
[0m
EditorFileSystem: "res://art/meshes/archive_kit/sm_s01_core_pedestal.glb" import took 21 ms.
[  95% ] [90m[1mreimport[22m | sm_s00_lock_keeper.glb[39m[0m
EditorFileSystem: Importing file: res://art/meshes/archive_kit/sm_s00_lock_keeper.glb
[   0% ] [90m[1mimport[22m | Started Import Scene (104 steps)[39m[0m
[   0% ] [90m[1mimport[22m | Importing Scene...[39m[0m
glTF: Total buffers: 1
glTF: Total buffer views: 10
glTF: Total accessors: 10
Total materials: 2
glTF: Parsing mesh: 0
WARNING: glTF import: Buffer view byte stride should be declared for vertex attributes. Assuming packed data and reading anyway.
WARNING: glTF import: Buffer view byte stride should be declared for vertex attributes. Assuming packed data and reading anyway.
WARNING: glTF import: Buffer view byte stride should be declared for vertex attributes. Assuming packed data and reading anyway.
WARNING: glTF import: Buffer view byte stride should be declared for vertex attributes. Assuming packed data and reading anyway.
WARNING: glTF import: Buffer view byte stride should be declared for vertex attributes. Assuming packed data and reading anyway.
WARNING: glTF import: Buffer view byte stride should be declared for vertex attributes. Assuming packed data and reading anyway.
WARNING: glTF import: Buffer view byte stride should be declared for vertex attributes. Assuming packed data and reading anyway.
WARNING: glTF import: Buffer view byte stride should be declared for vertex attributes. Assuming packed data and reading anyway.
WARNING: glTF import: Buffer view byte stride should be declared for vertex attributes. Assuming packed data and reading anyway.
WARNING: glTF import: Buffer view byte stride should be declared for vertex attributes. Assuming packed data and reading anyway.
glTF: Total meshes: 1
glTF: Creating mesh for: sm_s00_lock_keeper
Loading resource: res://art/materials/m_dark_iron.tres remapped: res://art/materials/m_dark_iron.tres
Loading resource: res://art/textures/material_library/t_dark_iron_albedo.png remapped: res://art/textures/material_library/t_dark_iron_albedo.png
Loading resource: res://.godot/imported/t_dark_iron_albedo.png-66c578930998aa52cde4476e849cd53e.bptc.ctex remapped: res://.godot/imported/t_dark_iron_albedo.png-66c578930998aa52cde4476e849cd53e.bptc.ctex
Completed load for: 'res://art/textures/material_library/t_dark_iron_albedo.png' remapped 'res://art/textures/material_library/t_dark_iron_albedo.png' at thread -1
Loading resource: res://art/textures/material_library/t_dark_iron_normal.png remapped: res://art/textures/material_library/t_dark_iron_normal.png
Loading resource: res://.godot/imported/t_dark_iron_normal.png-b114b4c4e436e88cf9c30b356a3fdc97.s3tc.ctex remapped: res://.godot/imported/t_dark_iron_normal.png-b114b4c4e436e88cf9c30b356a3fdc97.s3tc.ctex
Completed load for: 'res://art/textures/material_library/t_dark_iron_normal.png' remapped 'res://art/textures/material_library/t_dark_iron_normal.png' at thread -1
Loading resource: res://art/textures/material_library/t_dark_iron_orm.png remapped: res://art/textures/material_library/t_dark_iron_orm.png
Loading resource: res://.godot/imported/t_dark_iron_orm.png-26d916cff2f6d9ab53816438c312c0a3.bptc.ctex remapped: res://.godot/imported/t_dark_iron_orm.png-26d916cff2f6d9ab53816438c312c0a3.bptc.ctex
Completed load for: 'res://art/textures/material_library/t_dark_iron_orm.png' remapped 'res://art/textures/material_library/t_dark_iron_orm.png' at thread -1
Completed load for: 'res://art/materials/m_dark_iron.tres' remapped 'res://art/materials/m_dark_iron.tres' at thread -1
Loading resource: res://art/materials/m_aged_brass.tres remapped: res://art/materials/m_aged_brass.tres
Loading resource: res://art/textures/material_library/t_aged_brass_albedo.png remapped: res://art/textures/material_library/t_aged_brass_albedo.png
Loading resource: res://.godot/imported/t_aged_brass_albedo.png-abc56163ac1f88b0fdc87aa9855967f6.bptc.ctex remapped: res://.godot/imported/t_aged_brass_albedo.png-abc56163ac1f88b0fdc87aa9855967f6.bptc.ctex
Completed load for: 'res://art/textures/material_library/t_aged_brass_albedo.png' remapped 'res://art/textures/material_library/t_aged_brass_albedo.png' at thread -1
Loading resource: res://art/textures/material_library/t_aged_brass_normal.png remapped: res://art/textures/material_library/t_aged_brass_normal.png
Loading resource: res://.godot/imported/t_aged_brass_normal.png-8e39d8996b346af431d3dca26c806cc9.s3tc.ctex remapped: res://.godot/imported/t_aged_brass_normal.png-8e39d8996b346af431d3dca26c806cc9.s3tc.ctex
Completed load for: 'res://art/textures/material_library/t_aged_brass_normal.png' remapped 'res://art/textures/material_library/t_aged_brass_normal.png' at thread -1
Loading resource: res://art/textures/material_library/t_aged_brass_orm.png remapped: res://art/textures/material_library/t_aged_brass_orm.png
Loading resource: res://.godot/imported/t_aged_brass_orm.png-3d326ed2e26256e8095984503e4be2d1.bptc.ctex remapped: res://.godot/imported/t_aged_brass_orm.png-3d326ed2e26256e8095984503e4be2d1.bptc.ctex
Completed load for: 'res://art/textures/material_library/t_aged_brass_orm.png' remapped 'res://art/textures/material_library/t_aged_brass_orm.png' at thread -1
Completed load for: 'res://art/materials/m_aged_brass.tres' remapped 'res://art/materials/m_aged_brass.tres' at thread -1
[   1% ] [90m[1mimport[22m | Running Custom Script...[39m[0m
[  99% ] [90m[1mimport[22m | Saving...[39m[0m
Saving scene to: res://.godot/imported/sm_s00_lock_keeper.glb-634b2af293ef6cd3bc76018a05d204f0.scn
[92m[ DONE ][39m [1mimport[22m
[0m
EditorFileSystem: "res://art/meshes/archive_kit/sm_s00_lock_keeper.glb" import took 11 ms.
[  97% ] [90m[1mreimport[22m | sm_s00_lock_housing.glb[39m[0m
EditorFileSystem: Importing file: res://art/meshes/archive_kit/sm_s00_lock_housing.glb
[   0% ] [90m[1mimport[22m | Started Import Scene (104 steps)[39m[0m
[   0% ] [90m[1mimport[22m | Importing Scene...[39m[0m
glTF: Total buffers: 1
glTF: Total buffer views: 10
glTF: Total accessors: 10
Total materials: 2
glTF: Parsing mesh: 0
WARNING: glTF import: Buffer view byte stride should be declared for vertex attributes. Assuming packed data and reading anyway.
WARNING: glTF import: Buffer view byte stride should be declared for vertex attributes. Assuming packed data and reading anyway.
WARNING: glTF import: Buffer view byte stride should be declared for vertex attributes. Assuming packed data and reading anyway.
WARNING: glTF import: Buffer view byte stride should be declared for vertex attributes. Assuming packed data and reading anyway.
WARNING: glTF import: Buffer view byte stride should be declared for vertex attributes. Assuming packed data and reading anyway.
WARNING: glTF import: Buffer view byte stride should be declared for vertex attributes. Assuming packed data and reading anyway.
WARNING: glTF import: Buffer view byte stride should be declared for vertex attributes. Assuming packed data and reading anyway.
WARNING: glTF import: Buffer view byte stride should be declared for vertex attributes. Assuming packed data and reading anyway.
WARNING: glTF import: Buffer view byte stride should be declared for vertex attributes. Assuming packed data and reading anyway.
WARNING: glTF import: Buffer view byte stride should be declared for vertex attributes. Assuming packed data and reading anyway.
glTF: Total meshes: 1
glTF: Creating mesh for: sm_s00_lock_housing
Loading resource: res://art/materials/m_dark_iron.tres remapped: res://art/materials/m_dark_iron.tres
Loading resource: res://art/textures/material_library/t_dark_iron_albedo.png remapped: res://art/textures/material_library/t_dark_iron_albedo.png
Loading resource: res://.godot/imported/t_dark_iron_albedo.png-66c578930998aa52cde4476e849cd53e.bptc.ctex remapped: res://.godot/imported/t_dark_iron_albedo.png-66c578930998aa52cde4476e849cd53e.bptc.ctex
Completed load for: 'res://art/textures/material_library/t_dark_iron_albedo.png' remapped 'res://art/textures/material_library/t_dark_iron_albedo.png' at thread -1
Loading resource: res://art/textures/material_library/t_dark_iron_normal.png remapped: res://art/textures/material_library/t_dark_iron_normal.png
Loading resource: res://.godot/imported/t_dark_iron_normal.png-b114b4c4e436e88cf9c30b356a3fdc97.s3tc.ctex remapped: res://.godot/imported/t_dark_iron_normal.png-b114b4c4e436e88cf9c30b356a3fdc97.s3tc.ctex
Completed load for: 'res://art/textures/material_library/t_dark_iron_normal.png' remapped 'res://art/textures/material_library/t_dark_iron_normal.png' at thread -1
Loading resource: res://art/textures/material_library/t_dark_iron_orm.png remapped: res://art/textures/material_library/t_dark_iron_orm.png
Loading resource: res://.godot/imported/t_dark_iron_orm.png-26d916cff2f6d9ab53816438c312c0a3.bptc.ctex remapped: res://.godot/imported/t_dark_iron_orm.png-26d916cff2f6d9ab53816438c312c0a3.bptc.ctex
Completed load for: 'res://art/textures/material_library/t_dark_iron_orm.png' remapped 'res://art/textures/material_library/t_dark_iron_orm.png' at thread -1
Completed load for: 'res://art/materials/m_dark_iron.tres' remapped 'res://art/materials/m_dark_iron.tres' at thread -1
Loading resource: res://art/materials/m_aged_brass.tres remapped: res://art/materials/m_aged_brass.tres
Loading resource: res://art/textures/material_library/t_aged_brass_albedo.png remapped: res://art/textures/material_library/t_aged_brass_albedo.png
Loading resource: res://.godot/imported/t_aged_brass_albedo.png-abc56163ac1f88b0fdc87aa9855967f6.bptc.ctex remapped: res://.godot/imported/t_aged_brass_albedo.png-abc56163ac1f88b0fdc87aa9855967f6.bptc.ctex
Completed load for: 'res://art/textures/material_library/t_aged_brass_albedo.png' remapped 'res://art/textures/material_library/t_aged_brass_albedo.png' at thread -1
Loading resource: res://art/textures/material_library/t_aged_brass_normal.png remapped: res://art/textures/material_library/t_aged_brass_normal.png
Loading resource: res://.godot/imported/t_aged_brass_normal.png-8e39d8996b346af431d3dca26c806cc9.s3tc.ctex remapped: res://.godot/imported/t_aged_brass_normal.png-8e39d8996b346af431d3dca26c806cc9.s3tc.ctex
Completed load for: 'res://art/textures/material_library/t_aged_brass_normal.png' remapped 'res://art/textures/material_library/t_aged_brass_normal.png' at thread -1
Loading resource: res://art/textures/material_library/t_aged_brass_orm.png remapped: res://art/textures/material_library/t_aged_brass_orm.png
Loading resource: res://.godot/imported/t_aged_brass_orm.png-3d326ed2e26256e8095984503e4be2d1.bptc.ctex remapped: res://.godot/imported/t_aged_brass_orm.png-3d326ed2e26256e8095984503e4be2d1.bptc.ctex
Completed load for: 'res://art/textures/material_library/t_aged_brass_orm.png' remapped 'res://art/textures/material_library/t_aged_brass_orm.png' at thread -1
Completed load for: 'res://art/materials/m_aged_brass.tres' remapped 'res://art/materials/m_aged_brass.tres' at thread -1
[   1% ] [90m[1mimport[22m | Running Custom Script...[39m[0m
[  99% ] [90m[1mimport[22m | Saving...[39m[0m
Saving scene to: res://.godot/imported/sm_s00_lock_housing.glb-724132b83765ebc378b365b137b230a1.scn
[92m[ DONE ][39m [1mimport[22m
[0m
EditorFileSystem: "res://art/meshes/archive_kit/sm_s00_lock_housing.glb" import took 11 ms.
[  98% ] [90m[1mreimport[22m | Finalizing Asset Import...[39m[0m
[92m[ DONE ][39m [1mreimport[22m
[0m
[   0% ] [90m[1mreimport[22m | Started (Re)Importing Assets (69 steps)[39m[0m
[   0% ] [90m[1mreimport[22m | Executing post-reimport operations...[39m[0m
[92m[ DONE ][39m [1mreimport[22m
[0m
[   0% ] [90m[1mloading_editor_layout[22m | Started Loading editor (5 steps)[39m[0m
[   0% ] [90m[1mloading_editor_layout[22m | Loading editor layout...[39m[0m
[  16% ] [90m[1mloading_editor_layout[22m | Loading docks...[39m[0m
[92m[ DONE ][39m [1mloading_editor_layout[22m
[0m
Loading resource: res://core/boot/boot.tscn remapped: res://core/boot/boot.tscn
Loading resource: res://core/boot/boot.gd remapped: res://core/boot/boot.gd
Completed load for: 'res://core/boot/boot.gd' remapped 'res://core/boot/boot.gd' at thread -1
Loading resource: res://core/game_root/game_root.tscn remapped: res://core/game_root/game_root.tscn
Loading resource: res://core/game_root/game_root.gd remapped: res://core/game_root/game_root.gd
Completed load for: 'res://core/game_root/game_root.gd' remapped 'res://core/game_root/game_root.gd' at thread -1
Loading resource: res://core/player/player.tscn remapped: res://core/player/player.tscn
Completed load for: 'res://core/player/player.tscn' remapped 'res://core/player/player.tscn' at thread -1
Loading resource: res://core/interaction/interaction_hud.tscn remapped: res://core/interaction/interaction_hud.tscn
Loading resource: res://core/interaction/interaction_hud.gd remapped: res://core/interaction/interaction_hud.gd
Completed load for: 'res://core/interaction/interaction_hud.gd' remapped 'res://core/interaction/interaction_hud.gd' at thread -1
Completed load for: 'res://core/interaction/interaction_hud.tscn' remapped 'res://core/interaction/interaction_hud.tscn' at thread -1
Loading resource: res://core/ui/settings_menu.tscn remapped: res://core/ui/settings_menu.tscn
Completed load for: 'res://core/ui/settings_menu.tscn' remapped 'res://core/ui/settings_menu.tscn' at thread -1
Loading resource: res://core/ui/pause_menu.tscn remapped: res://core/ui/pause_menu.tscn
Loading resource: res://core/ui/pause_menu.gd remapped: res://core/ui/pause_menu.gd
Completed load for: 'res://core/ui/pause_menu.gd' remapped 'res://core/ui/pause_menu.gd' at thread -1
Completed load for: 'res://core/ui/pause_menu.tscn' remapped 'res://core/ui/pause_menu.tscn' at thread -1
Loading resource: res://core/transitions/fade_overlay.tscn remapped: res://core/transitions/fade_overlay.tscn
Completed load for: 'res://core/transitions/fade_overlay.tscn' remapped 'res://core/transitions/fade_overlay.tscn' at thread -1
Loading resource: res://core/ui/exit_failure_dialog.tscn remapped: res://core/ui/exit_failure_dialog.tscn
Loading resource: res://core/ui/exit_failure_dialog.gd remapped: res://core/ui/exit_failure_dialog.gd
Completed load for: 'res://core/ui/exit_failure_dialog.gd' remapped 'res://core/ui/exit_failure_dialog.gd' at thread -1
Completed load for: 'res://core/ui/exit_failure_dialog.tscn' remapped 'res://core/ui/exit_failure_dialog.tscn' at thread -1
Completed load for: 'res://core/game_root/game_root.tscn' remapped 'res://core/game_root/game_root.tscn' at thread -1
Completed load for: 'res://core/boot/boot.tscn' remapped 'res://core/boot/boot.tscn' at thread -1
Script docs haven't been properly loaded or regenerated, so don't save them to disk.
EditorSettings: Save OK!
XR: Clearing primary interface
XR: Removed interface "Native mobile"
XR: Removed interface "OpenXR"
Orphan StringName: Node (static: 7, total: 8)
StringName: 1 unclaimed string names at exit.
